text	label
<N>日，劲嘉股份发布“关于与美国英美烟草公司洽谈合作的提示性公告”证实，“公司与美国英美烟草公司正在接触洽谈为美国英美烟草公司提供烟标印刷的合作事宜”。	（劲嘉股份，“合作”，美国英美烟草公司），（美国英美烟草公司，“合作”，劲嘉股份）
<N>年<N>月，华菱集团与FMG签订战略合作协议，涉及低品位铁矿石开发、原矿加工等方面。	（华菱集团，“合作”，FMG），（FMG，“合作”，华菱集团）
天士力今日公告称，公司控股子公司天士力金纳生物技术有限公司药品“甲型H<N>N<N>流感病毒亚单位疫苗”收到国家食品药品监督管理局颁发的药品注册批件，	（天士力，“拥有”，天士力金纳生物技术有限公司）
保利地产也在<N>月份公告称，保利集团正在与中航集团探讨收购其房地产业务事宜。	（保利集团，“拥有”，保利地产）
双汇发展称，“瘦肉精”事件发生在今年<N>月，对公司<N>年度财报基本没有影响，但对上市公司和双汇集团的品牌信誉，	（双汇集团，“拥有”，双汇发展）
根据雀巢与阿里巴巴的合作规划，双方将以<N>月<N>日-<N>日的“雀巢超级品牌日”拉开合作升级序幕。	（雀巢，“合作”，阿里巴巴），（阿里巴巴，“合作”，雀巢）
同时，兴业证券高管人员协同保荐机构瑞银证券组成的路演推介团队将前往上海、深圳等三地开展面向询价机构的预路演推介活动。	（兴业证券，“合作”，瑞银证券），（瑞银证券，“合作”，兴业证券）
<N>日电备受关注的“富士康河南招工”一事有了新进展，中新社记者<N>日从河南省台办获悉，在该省濮阳市所招的首批<N>余名学员，已启程赴深圳富士康集团就业实习。	（富士康，“拥有”，富士康集团）
公开资料显示，北京创新中育的股东是尚德教育投资有限公司和北京中育未来教育科技有限公司，持股比例分别为<N>%和<N>%。	（尚德教育投资有限公司，“拥有”，北京创新中育）
蚂蚁金服还宣布，将在支付宝事业群首次尝试新的组织管理模式——班委制，由井贤栋担任班长，曾松柏与倪行军担任副班长，班委成员包括邹亮、陶莹。	（蚂蚁金服，“拥有”，支付宝）
华星集团划入中国国新管理	（中国国新，“拥有”，华星集团）
大众报业集团将所属的半岛传媒有限公司整体变更为山东大众传媒股份有限公司，	（大众报业集团，“拥有”，半岛传媒有限公司）
“重组后的双汇国际拥有的上市公司（双汇发展）市值近千亿，	（双汇国际，“拥有”，双汇发展）
其中，大新控股是注册在新加坡的船舶公司，主要经营远洋运输、船舶代理等，注册资金<N>万美元，大连国际持有<N>%的股权。	（大连国际，“拥有”，大新控股）
四川长虹董事长赵勇指出，四川长虹与IBM的合作关系又迈进了一大步，四川长虹将以此次战略合作为契机，借鉴、吸收IBM的先进理念和经验，	（四川长虹，“合作”，IBM），（IBM，“合作”，四川长虹）
农产品拟转让公司及下属全资子公司果菜公司合计持有的渔人码头公司<N>%股权。	（农产品，“拥有”，果菜公司）
道达尔中国区总代表努北堂在活动开幕式上说，而台下第一排，还坐着他的同事道达尔中国投资公司总裁杜德龙。	（道达尔，“拥有”，道达尔中国投资公司）
进入今年后，海康威视相继与美国英特尔和德国思爱普等展开合作，开始拓展通过采用机器人和无人机的移动终端进行监控这一新领域。	（海康威视，“合作”，美国英特尔），（美国英特尔，“合作”，海康威视）
协鑫集成将发挥与协鑫新能源的协同效应，在市场和渠道、资源整合，进一步扩大公司在全球市场的份额。	（协鑫集成，“合作”，协鑫新能源），（协鑫新能源，“合作”，协鑫集成）
记者:在广州医药集团有限公司，据我们了解，著名商标王老吉的持有人就是这家公司，	（广州医药集团有限公司，“拥有”，王老吉）
“过不了多久，法国人的浪漫也有可能在诸如海富通基金管理公司这些原属于富通集团旗下业务的公司里面看到”。	（富通集团，“拥有”，海富通基金管理公司）
日前，记者从苏宁电器了解到，公司于近日在青岛与海尔集团签署了<N>年实现<N>亿元的销售目标的合作协议框架，具体涉及销售计划、人员培训等多个层面。	（苏宁电器，“合作”，海尔集团），（海尔集团，“合作”，苏宁电器）
<N>月<N>日，丹麦马士基集团华东区总裁吴岱玮在二季度业绩媒体说明会上透露，马士基集团决定将旗下油轮业务、丹马士公司和施维策公司进行整合，	（马士基集团，“拥有”，施维策公司）
由于广晟公司旗下的一级集团公司广晟有色集团有限公司前期重组*ST聚酯，	（广晟公司，“拥有”，广晟有色集团有限公司）
<N>年<N>月，江西铜业所属贵溪冶炼厂年产<N>万吨铜冶炼工程竣工投产，标志着企业正式形成年产<N>万吨阴极铜的产能，产量规模一举跃升为国内第一、世界第三。	（江西铜业，“拥有”，贵溪冶炼厂）
近日，贵州百灵发布公告，已与云南省工业投资控股集团有限责任公司初步达成战略合作意向，拟投资入股云南植物药业有限公司。	（贵州百灵，“合作”，云南省工业投资控股集团有限责任公司），（云南省工业投资控股集团有限责任公司，“合作”，贵州百灵）
昨日华纺股份公告，华诚投资因不能清偿到期债务，且资产不足以清偿全部债务，申请破产清算。	（华纺股份，“拥有”，华诚投资）
历史数据显示，昇辉电子来自碧桂园的收入占比分别为<N>%、<N>%。	（昇辉电子，“合作”，碧桂园），（碧桂园，“合作”，昇辉电子）
中石化与阿里“混搭”之后，将产生怎样的化学反应?	（中石化，“合作”，阿里），（阿里，“合作”，中石化）
康恩贝今日公告表示，<N>月<N>日，公司与美国AFP开发公司正式签订《AFP项目合作协议书》。	（康恩贝，“合作”，美国AFP开发公司），（美国AFP开发公司，“合作”，康恩贝）
东风裕隆和郑州日产作为两个营销主力持续保持快速发展:东风裕隆累计实现销售<N>辆，	（东风裕隆，“合作”，郑州日产），（郑州日产，“合作”，东风裕隆）
面，拟购买的标的资产——华强发展账面值约<N>.0<N>万元，预估值约1<N>0000万元，华强发展拥有华强房地产、华强市场、华强指数和华强网络<N>家子公司。	（华强，“拥有”，华强市场）
<N>月<N>日，武钢宣称与委内瑞拉矿业集团“达成了首个铁矿石中国价”。	（武钢，“合作”，委内瑞拉矿业集团），（委内瑞拉矿业集团，“合作”，武钢）
按照上广电集团对旗下两家上市公司的分工，广电信息主业是电视机、音响等终端产品销售;广电电子则侧重上游电子器件，销售液晶模块、真空光电器件等。	（广电集团，“拥有”，广电电子）
这尤以武钢最为抢眼，其在今年分别与加拿大CLM公司、澳大利亚WPG公司和巴西MMX公司达成股权购买协议，每年因此可以获得<N>万吨稳定的铁矿石供给。	（武钢，“合作”，加拿大CLM公司），（加拿大CLM公司，“合作”，武钢）
幼儿奶粉被检出强致癌物黄曲霉毒素M<N>超标，前一天还称没有接到相关通知的南山奶粉生产商湖南长沙亚华乳业有限公司昨日承认奶粉被检出致癌物黄曲霉毒素M<N>超标，	（湖南长沙亚华乳业有限公司，“拥有”，南山）
至此，武商联及其关联方国资公司、中南电力设计院合计持有的股权占公司总股本的<N>.<N>%，为公司第一大股东。	（武商联，“合作”，国资公司），（国资公司，“合作”，武商联）
而洪都航空控股股东中国航空科技工业股份有限公司及机构投资者，则将以现金认购新发行的股份。	（中国航空科技工业股份有限公司，“拥有”，洪都航空）
早前有报道称，远东和贝加尔地区发展基金和中国乐视就联合实施建立推广俄罗斯食品对华交易平台达成一致，计划三年内投资<N>亿卢布。	（远东，“合作”，中国乐视），（中国乐视，“合作”，远东）
丰盛控股拟注入到ST星美的资产——上海局一房地产发展有限公司<N>%的股权及丰盛地产发展有限公司<N>%的股权，	（丰盛控股，“拥有”，丰盛地产发展有限公司）
中国证券报记者了解到，早在ST秦岭与华伦集团合作之前，冀东就曾与ST秦岭就重组合作有过深度的接触，	（华伦集团，“合作”，秦岭），（秦岭，“合作”，华伦集团）
飞利浦影音及配件业务由音频、多媒体及配件业务组成，隶属于飞利浦优质生活事业部。	（飞利浦，“拥有”，飞利浦影音）
事实上，<N>年底，海口美兰国际机场、渤海信托等<N>家公司组成联合受让体，从中国太平保险手中接过民安财险<N>%的股权。	（海口美兰国际机场，“合作”，渤海信托），（渤海信托，“合作”，海口美兰国际机场）
根据一季度数据，蚂蚁金服旗下的余额宝货币基金规模为全球最大，高达<N>亿美元。	（蚂蚁金服，“拥有”，余额宝货币基金）
作为中国石油集团整合旗下资产的一部分，中油化建的重组备受关注。	（中国石油集团，“拥有”，中油化建）
据了解，华润集团旗下几乎所有燃气业务都在华润燃气集团。。	（华润集团，“拥有”，华润燃气集团）
昨日，福田汽车宣布将与美国康明斯公司导入ISF系列欧Ⅵ发动机技术。	（福田汽车，“合作”，美国康明斯公司），（美国康明斯公司，“合作”，福田汽车）
东航在加入天合联盟之后获得的帮助不大，因此考虑“跳槽”去另外一家还没有中国本土合作伙伴的寰宇一家联盟，但此前无论是天合联盟、寰宇一家还是东航对这一传言都	（东航，“合作”，天合联盟），（天合联盟，“合作”，东航）
而江苏三友控股股东友谊实业在<N>年向工商部门申请变更工商登记时也承认，此前未能及时办理变更登记，主要是考虑到江苏三友上市资料要求的连续性。	（友谊实业，“拥有”，江苏三友）
平煤国能今年<N>月<N>日成立，平煤神马集团与北京国能电池科技有限公司分别持有<N>%和<N>%股权。	（平煤神马集团，“拥有”，平煤国能）
据悉，中国银行东京分行银联借记卡的发行，将方便客户今后在中国银行办理各种金融理财服务，	（中国银行，“拥有”，中国银行东京分行）
雪松控股旗下拥有供通云供应链集团、希努尔两家A股上市公司。	（雪松控股，“拥有”，供通云供应链集团）
资料显示，这是本年度内控股股东深圳赛洛第二次宣布启动针对金德发展的重组事项。	（深圳赛洛，“拥有”，金德发展）
<N>年<N>月，传奇东方还与腾讯达成合作，邀请腾讯影业作为电影《魔兽世界》出品方。	（传奇东方，“合作”，腾讯），（腾讯，“合作”，传奇东方）
除上述两个矿山外，公司拟受让中金集团持有的夹皮沟矿业、新疆金滩矿业、嵩县前河矿业<N>家企业全部股权，	（中金集团，“拥有”，新疆金滩矿业）
据了解，宝钢集团和江苏沙钢集团是在“诚实守信、共同发展”的原则指导下，经过友好协商达成此次战略协同合作意向的。	（宝钢集团，“合作”，江苏沙钢集团），（江苏沙钢集团，“合作”，宝钢集团）
贾跃亭认为，终端是乐视全球化的突破口，乐视云是先头部队，然后是互联网，再带着内容出海。	（乐视，“拥有”，乐视云）
在外界看来，随着北京市第一中级人民法院终审判决的发布，广药集团和加多宝的王老吉商标争夺案画上了句号，但加多宝显然不这么看。	（加多宝，“拥有”，王老吉）
其中，收购方华胜旅业基金管理人天津华胜股权投资管理有限公司为北京旅游控股子公司。	（北京旅游，“拥有”，天津华胜股权投资管理有限公司）
流控股签订的《天津市海运股份有限公司国有股份转让协议》中，天海集团表示无偿将全资附属企业天津天海化纤厂拥有的塘沽区东沽东盐路<N>号的<N>.<N>万平方米土地，	（天海集团，“拥有”，天津天海化纤厂）
<N>年<N>月，万科与黑石正式开展合作。	（万科，“合作”，黑石），（黑石，“合作”，万科）
<N>年以来，岳阳兴长通过重庆康卫长期致力于“口服重组幽门螺杆菌疫苗”的研究，历时<N>年，投入<N>多万元，在今年<N>月<N>日获得新药证书。	（岳阳兴长，“合作”，重庆康卫），（重庆康卫，“合作”，岳阳兴长）
能官方告诉<N>世纪经济报道记者:达能拟调整并加强其在华的早期生命营养业务的运作模式，在成功发展旗下国际品牌的基础上，进一步强化与蒙牛乳业及雅士利的合作。	（达能，“合作”，雅士利），（雅士利，“合作”，达能）
芒果TV背靠湖南广电优质IP内容，在<N>年上半年实现扭亏为盈。	（湖南广电，“拥有”，芒果TV）
几年来，奇瑞汽车不仅始终难以找到像早期QQ那样可以代表奇瑞品牌的拳头产品，而且奇瑞汽车树立的高端品牌瑞麒也没有获得市场的肯定。	（奇瑞，“拥有”，奇瑞汽车）
<N>月<N>日，封面新闻从国家食品药品监督管理总局获悉，在近期食品抽检中甘肃兰州华联综合超市所售雨润香辣热狗肠被检出菌落总数超标<N>.<N>倍，	（甘肃兰州华联综合超市，“合作”，雨润），（雨润，“合作”，甘肃兰州华联综合超市）
总部位于美国的万豪酒店集团是全球著名的酒店集团公司，旗下酒店品牌包括:JW万豪酒店、雅乐轩等知名品牌也收入囊中，	（万豪酒店集团，“拥有”，JW万豪酒店）
早在<N>年<N>月，阿里巴巴与中国建设银行、中国工商银行合作共推小企业贷款，小企业不需要任何抵押，由<N>家或<N>家以上企业组成一个联合共同体即可申请贷款。	（阿里巴巴，“合作”，中国建设银行），（中国建设银行，“合作”，阿里巴巴）
兰州亚太工贸集团有限公司已经拿出超过<N>亿元的真金白银，获得了*ST联油的控股权，怎么可能不完成接下来的重组?”这是*ST联油停牌前一位姓黄的投资者在电话	（兰州亚太工贸集团有限公司，“拥有”，联油）
冠豪高新今日披露冠龙纸业股权转让进展，受让方为即将入主冠豪高新的中国物资开发投资总公司。	（冠豪高新，“拥有”，冠龙纸业）
<N>日，三联商社公告称，公司济南家电分公司槐荫商城，因物业出租方根本性违约，	（三联商社，“拥有”，济南家电分公司槐荫商城）
华电能源公告，控股股东华电集团将铁岭公司<N>%股权注入公司的承诺年底前难以完成。	（华电集团，“拥有”，华电能源）
据湘鄂情官网显示，除湘鄂情志新桥店外，目前北京地区湘鄂情正常营业的店面还有<N>家。	（湘鄂情，“拥有”，湘鄂情志新桥店）
记者昨天了解到，DHL旗下在华从事国内快递业务的合资公司中外运敦豪国际航空快件有限公司，正在洽谈转让全一快递<N>%的股权。	（DHL，“拥有”，中外运敦豪国际航空快件有限公司）
该人士进一步表示，由于路翔股份在未来融达锂业董事会<N>个席位中占据了<N>席，因此公司将来能否获得主动权取决于路翔股份对新行业的把握和对融达锂业的管理能力。	（路翔股份，“合作”，融达锂业），（融达锂业，“合作”，路翔股份），（路翔股份，“拥有”，融达锂业）
公开资料显示，TCL集团控股子公司TCL多媒体原欧洲彩电业务的主要运营实体TTEEurope因无力偿还债务在<N>年<N>月<N>日提出清算申请，	（TCL集团，“拥有”，TTEEurope）
万马电缆今日披露，公司昨日与甘肃万星实业股份有限公司签订了《关于新疆托里县包古图呼的合铜矿之合作意向书》，	（万马电缆，“合作”，甘肃万星实业股份有限公司），（甘肃万星实业股份有限公司，“合作”，万马电缆）
布尔津分公司隶属于新疆屯河水泥有限责任公司，该公司的盈利能力较强，	（新疆屯河水泥有限责任公司，“拥有”，布尔津分公司）
阿里集团完成股权回购PE参与或推动整体上市	（阿里集团，“合作”，PE），（PE，“合作”，阿里集团）
一周内，海航集团旗下海航商业控股有限公司爆出两起收购案。	（海航集团，“拥有”，海航商业控股有限公司）
TCL集团发布公告称，公司<N>年度中期票据已经获得中国银行市场交易商协会备案批准，并于<N>月<N>日收到《接受注册通知书》。	（TCL集团，“合作”，中国银行），（中国银行，“合作”，TCL集团）
<N>月<N>日消息，近日，由优酷与联想联手打造的中国首个在线<N>D影院正式上线，	（优酷，“合作”，联想），（联想，“合作”，优酷）
沃特飞机公司将与西飞国际在波音<N>系列飞机垂直尾翼方面进行合作，由西飞国际承担波音<N>系列飞机垂直尾翼的零件制造及固定后缘、主翼盒壁板及主翼盒梁间肋	（沃特飞机公司，“拥有”，波音）
<N>月<N>日，电广传媒与好莱坞最大的独立电影公司狮门影业发布了战略合作计划，未来<N>年，这家湖南广电旗下的上市公司将参与投资<N>部狮门电影，	（湖南广电，“拥有”，电广传媒）
国电电力公告同时显示，科环集团拟通过联合动力在连云港组建国电风电设备研发制造南方基地，计划<N>年建成投产。	（国电电力，“合作”，科环集团），（科环集团，“合作”，国电电力）
公司在今年<N>月宣布将推出一系列大动作，并制作系列自制节目，没想到昨天公司的投资人之一中国旺旺旗下NorwaresOverseasInc入禀香港高等法院，	（中国旺旺，“拥有”，NorwaresOverseasInc）
消息指出，发展航空业务正热的圆通速递正在与南方航空洽谈合作，目前合作已基本确定。	（圆通速递，“合作”，南方航空），（南方航空，“合作”，圆通速递）
本次重组后，TCL集团将保留深圳TCL地产公司及其子公司，主要经营公司自用的工业地产项目，以及<N>个参股的在建地产项目。	（TCL集团，“拥有”，深圳TCL地产公司）
其相关负责人告诉记者，“IBM公司确实买入了长虹的股票，现在IBM和四川长虹正在准备相关新闻发布会，	（IBM公司，“合作”，四川长虹），（四川长虹，“合作”，IBM公司）
铁总引入阿里搞混改会擦出怎样的“火花”?	（铁总，“合作”，阿里），（阿里，“合作”，铁总）
在白云山<N>日召开的年度股东大会上，董事长谢彬表示，公司与美国百特合营的百特侨光医疗用品公司今年力争扭亏为盈，	（白云山，“拥有”，百特侨光医疗用品公司）
中国最有价值品牌榜由睿富全球排行榜资讯集团与北京名牌资产评估有限公司共同研究并发布，	（睿富全球排行榜资讯集团，“合作”，北京名牌资产评估有限公司），（北京名牌资产评估有限公司，“合作”，睿富全球排行榜资讯集团）
联通省级公司的一位相关人士表示，苹果iPad和iPhone<N>都离不开联通的支持，	（联通，“合作”，苹果），（苹果，“合作”，联通）
一天之后，联通牵手中国平安。。	（联通，“合作”，中国平安），（中国平安，“合作”，联通）
<N>月<N>日，摩拜单车与腾讯微信联合宣布，今后用户通过微信“扫一扫”扫描摩拜单车车身上的二维码，将可以直接进入摩拜单车微信小程序，扫码开锁即可使用。	（摩拜单车，“合作”，腾讯微信），（腾讯微信，“合作”，摩拜单车）
资料显示，上海铁路局去年<N>月和<N>月分别和东航和国航推出了“空铁快线”产品，同样覆盖了长三角地区。	（东航，“合作”，国航），（国航，“合作”，东航）
深发展联姻平安可能延期 完成交易再考虑是否募资	（深发展，“合作”，平安），（平安，“合作”，深发展）
管理有限公司出售公司部分股份的通知，锦江股份、锦江国投作为一致行动人于<N>年<N>月至<N>年<N>月通过二级市场减持公司无限售流通股<N>.<N>万股，	（锦江股份，“合作”，锦江国投），（锦江国投，“合作”，锦江股份）
据悉，长江旗下和记黄埔最终决定与淡马锡建?策略联盟，由淡马锡认购屈臣氏控股<N>.<N>%间接股本权益，作价<N>亿港元。	（长江，“拥有”，和记黄埔）
例如，上海分行在文化创业产业等领域积极推广北京银行特色产品，形成了较好的中小企业服务品牌效应;	（北京银行，“拥有”，上海分行）
“大众化妆品中国区业绩不如预期的理想，影响了科蒂集团的总利润”，科蒂中国大众化妆品事业部首席执行官AnitaYang在一封邮件里告诉中国员工，	（科蒂集团，“拥有”，科蒂中国大众）
广州轻出集团有限公司将其持有的广州市天斯物业管理有限公司<N>%股权以<N>.<N>亿元的价格在广州产权交易所挂牌转让。	（广州轻出集团有限公司，“拥有”，广州市天斯物业管理有限公司）
中国航空工业集团旗下上市公司中航动力、中航动控和成发科技曾于<N>年<N>月发布公告称，	（中国航空工业集团，“拥有”，中航动力）
由于南纺股份此前持有南泰国展<N>.<N>%的股权，因此上述收购完成之后，南泰国展将再次成为上市公司的全资子公司。	（南纺股份，“拥有”，南泰国展）
海尔金融携手家居卖场龙头企业红星美凯龙，将全金融基因全面渗透到家居产业，并实现平台资源的开放共享，以携手开启全新互联网金融+家居变革之道。	（海尔金融，“合作”，红星美凯龙），（红星美凯龙，“合作”，海尔金融）
"产品招商书上，写着“王老吉商标属广州医药集团有限公司所有，广药集团持有包括""王老吉""在内的众多驰名商标，目前""王老吉""品牌已经成为中国第一品牌”等内容。"	（广州医药集团有限公司，“拥有”，王老吉）
根据协议，康师傅控股附属公司康师傅饮品控股有限公司将成为百事公司在华特许经营装瓶商。	（康师傅控股，“拥有”，康师傅饮品控股有限公司）
而<N>年<N>月，曾在中粮集团担任中粮期货董事长、党组成员等职的吕军，在调入中储粮两年后，接任中储粮董事长一职。	（中粮集团，“拥有”，中粮期货）
次资产置换最大的亮点在于有利于锦江之星此后的融资和开展并购，“经济型酒店正处于一个行业整合阶段，扩张需要资金支持，锦江之星作为锦江国际旗下一块优质资产，	（锦江国际，“拥有”，锦江之星）
广药集团联姻香港银基集团。	（广药集团，“合作”，香港银基集团），（香港银基集团，“合作”，广药集团）
浦发银行与中移动战略合作收实效	（浦发银行，“合作”，中移动），（中移动，“合作”，浦发银行）
着绝对的控制权，有消息称，阿里IPO后将与大股东软银签订投票协议，在没有和马云及蔡崇信取得一致意见的情况下，软银不投票反对任何阿里巴巴合伙人提名的董事。	（软银，“合作”，阿里巴巴），（阿里巴巴，“合作”，软银）
然而，时至今日，投资者并未看见复星国际管理层采取其他实质性的举措，除了这次分拆百慕大保险上市。	（复星国际，“拥有”，百慕大保险）
交行汇丰拟成立合资信用卡公司	（交行，“合作”，汇丰），（汇丰，“合作”，交行）
据李楚源介绍，随着红罐王老吉在全国市场布局加快，今年王老吉凉茶有望给广药集团带来<N>亿元销售收入。	（广药集团，“拥有”，王老吉）
上海泓泽法人代表顾雷雷表示，公司重点打造的一块业务是上海乐源，经过几年培育已经进入发展阶段。	（上海泓泽，“拥有”，上海乐源）
安途生在天津锦联新经产业园启航	（安途生，“合作”，天津锦联新经济产业园），（天津锦联新经济产业园，“合作”，安途生）
该公司控股股东为华电下属华电煤业集团公司，持股<N>%，而远东航运参股<N>%。	（华电，“拥有”，华电煤业集团公司）
而在<N>月中旬，中金黄金就曾发布公告称，公司拟协议收购控股股东中国黄金集团旗下河南秦岭金矿和河北金厂峪金矿<N>%权益，	（中国黄金集团，“拥有”，中金黄金）
日前，联华超市股份正式宣布，该公司旗下联华、华联两家企业于今年<N>月<N>日起合署办公。	（联华超市股份，“拥有”，联华）
在全球商品熊市的冲击下，力拓先后关停了旗下加拿大铝业<N>万吨的原铝产能，并陆续售出其在中国、巴西等地的业务。	（力拓，“拥有”，加拿大铝业）
同时，通辽金煤化工有限公司将与河南煤化合作，建立合资公司，在河南洛阳和永城建设乙二醇等项目，双方合持股<N>%:<N>%。	（通辽金煤化工有限公司，“合作”，河南煤化），（河南煤化，“合作”，通辽金煤化工有限公司）
华策影视表示，截至本报告期末，公司及控股子公司对西藏乐视的应收账款余额约为<N>.<N>亿元，	（华策影视，“拥有”，西藏乐视）
合肥百货公告，拟与百大合家福、百大电器共同投资<N>万元注册成立新公司，投资建设肥西百大购物中心。	（合肥百货，“合作”，百大电器），（百大电器，“合作”，合肥百货）
据锦兴国际控股方面提供的资料显示，苏拉拉项目占地逾<N>平方公里，铁矿石储量达<N>亿吨。	（锦兴国际控股，“拥有”，苏拉拉）
同方股份有关人士也透露，此次合作的基本思路是，同方股份希望通过交易进入产业链上游的电子元器件制造领域，利用晶源电子在石英晶体元器件方面的业务基础，	（同方股份，“合作”，晶源电子），（晶源电子，“合作”，同方股份）
作为天猫一线女装品牌，裂帛没有请明星代言，	（天猫，“拥有”，裂帛），（天猫，“合作”，裂帛），（裂帛，“合作”，天猫）
公告”中，凯诺科技表示，目前人才楼的住户大部分为本公司的管理人员和技术人员;在保证本公司员工住宿的前提下，人才楼提供少量房间用于海澜集团员工的临时住宿。	（凯诺科技，“合作”，海澜集团），（海澜集团，“合作”，凯诺科技）
未来，<N>号店将成为<N>号商城中的一个卖家”。	（<N>号店，“合作”，<N>号商城），（<N>号商城，“合作”，<N>号店）
中国银行董事长肖钢说，中国银行将依托多元化业务平台和海内外一体化经营优势，为宝钢提供更加广泛、便捷的金融产品和服务，为推动宝钢新一轮发展战略的实施提供强	（中国银行，“合作”，宝钢），（宝钢，“合作”，中国银行）
<N>日，加多宝集团与浙江卫视联手在杭州打响了春节营销的第一枪。	（加多宝集团，“合作”，浙江卫视），（浙江卫视，“合作”，加多宝集团）
此外，问询函同时指出，昇辉电子股权沿革上与碧桂园有密切关联，且回溯近年来财务数据，昇辉电子来自碧桂园的销售收入占比均过半，集中度较高。	（昇辉电子，“合作”，碧桂园），（碧桂园，“合作”，昇辉电子）
渝开发今天公告，<N>月<N>日，公司收到控股股东重庆市城市建设投资公司通知，重庆城投拟通过公开征集受让方方式协议转让其持有的不超过<N>.<N>亿股。	（重庆城投，“拥有”，渝开发）
当记者结束对*ST北生采访，即将走出办公大楼时，公司宣传栏上一幅“办法总比困难多”的巨幅标语在空旷的北生大楼内格外引人注目。	（北生，“拥有”，北生）
会上，中国电信、阿里妈妈等开放平台的首批开发者，也分享了与HiWiFi的合作成果和未来展望，	（中国电信，“合作”，HiWiFi），（HiWiFi，“合作”，中国电信）
而且，长江电力获得了中国三峡总公司水电优质资产，既为其承接债务提供了偿还保证，也增强了其融资能力，使得财务状况更加稳健，提高了公司的盈利能力。	（长江电力，“合作”，中国三峡总公司），（中国三峡总公司，“合作”，长江电力）
阳光股份今日披露，全资子公司天津瑞尚收购杜然持有的天津德然商贸<N>%股权，	（阳光股份，“拥有”，天津瑞尚）
康师傅控股与百事公司在华建立战略联盟	（康师傅控股，“合作”，百事公司），（百事公司，“合作”，康师傅控股）
日前，就有消息指出，可口可乐旗下新包装的美之源果粒橙从此前的<N>ml减到了<N>ml，而售价未变。	（可口可乐，“拥有”，美之源）
<N>月2<N>日，注入大润发和欧尚两个品牌在大陆所有门店资产的高鑫零售有限公司在香港上市，	（高鑫零售有限公司，“拥有”，大润发）
作为GE公司重要的业务板块之一，GE航空集团主要制造、维修民用发动机，公司的业务板块还包括军用发动机和航电系统等。	（GE公司，“拥有”，GE航空集团）
至此，永隆银行已成为招商银行直接拥有的全资附属公司。	（招商银行，“拥有”，永隆银行）
杨文俊向记者介绍，基于这种情况，中粮董事长宁高宁明确地讲，希望“把蒙牛牛奶供应链做好”。	（中粮，“合作”，蒙牛），（蒙牛，“合作”，中粮）
美的高度市场化的理念也为小天鹅高端产品打开市场销路进行了有益的探索。	（美的，“合作”，小天鹅），（小天鹅，“合作”，美的）
在综合金融方面，平安银行南京分行凭借平安集团综合金融平台优势，推动与集团内产险、养老险的合作，	（平安银行南京分行，“合作”，养老险），（养老险，“合作”，平安银行南京分行）
龙诚集团在过去两年间分别在重庆注册了重庆龙旭投资有限公司，在上海注册了上海隆景投资管理有限公司。	（龙诚集团，“拥有”，重庆龙旭投资有限公司）
于日渐扩大的国内外服装贸易，茵曼公司的前身有着贴牌加工的背景，其品牌创立于<N>年，在<N>年淘宝网“双<N>”期间以单日销售<N>余万元而迅速走红，	（茵曼公司，“合作”，淘宝网），（淘宝网，“合作”，茵曼公司）
《证券日报》记者在走访中发现，环茅南路，是贵州茅台镇上一条自发形成的商业街道，介于茅台集团的运输公司和厂大门之间。	（茅台集团，“拥有”，贵州茅台）
本报讯中石油集团昨天宣布，由中石油国际投资公司与澳洲壳牌联合并购澳洲Arrow能源有限公司一事，	（中石油集团，“拥有”，中石油国际投资公司）
一直被形容为“闷声发大财”的江铃汽车也通过小蓝基地的投产摆脱了产能不足的阴影，除了商用车系列之外，福特将为江铃汽车注入一款全新的全尺寸SUV车型，	（江铃汽车，“合作”，福特），（福特，“合作”，江铃汽车）
经过几年培育，双沟酒业已成为维维股份重要利润来源。	（维维股份，“拥有”，双沟酒业），（双沟酒业，“合作”，维维股份），（维维股份，“合作”，双沟酒业）
尽管国元证券已在A股上市，但上述券商保荐人认为，这并不妨碍国元集团改制之后去香港上市，“分拆上市很难成行，但整体上市还是可以操作的”。	（国元集团，“拥有”，国元证券）
神华集团入主蒙古塔本陶勒盖煤矿再一次变得扑朔迷离。	（神华集团，“拥有”，蒙古塔本陶勒盖煤矿）
FMG“牵手”葛洲坝合作在先融资随后	（FMG，“合作”，葛洲坝），（葛洲坝，“合作”，FMG）
中国联通与工商银行联合推出手机支付贷记卡	（中国联通，“合作”，工商银行），（工商银行，“合作”，中国联通）
根据公告，截至预案出具之日，三友集团的全资子公司碱业集团直接持有三友化工<N>.<N>%的股权，为控股股东。	（三友集团，“拥有”，碱业集团）
据悉，乐视TV此次拿出多个现货限量套餐回馈广大乐迷，乐视商城全部配件<N>折起，并将狂送<N>台超级电视。	（乐视TV，“拥有”，乐视商城）
德隆的“三驾马车”——新疆屯河、合金股份是庄股时代的典型代表，其流通筹码高度集中，操盘主力账面利润十分丰厚。	（德隆，“拥有”，新疆屯河）
国美前不久发布的<N>上半年财报显示，在上半年宏观经济下行、整个传统家电行业和零售业都在走“下坡路”的大势下，尽管处于电商建设初期，但国美电商销售同比	（国美，“拥有”，国美电商）
重庆啤酒的乙肝疫苗研究一直是其控股子公司重庆佳辰生物公司在落实，目前为止临床进展顺利。	（重庆啤酒，“拥有”，重庆佳辰生物公司）
如今，中原内配作为最早进入美国康明斯、唯一进入国际卡车等全球采购系统的发动机零部件企业，近<N>年来将近<N>/<N>的收入来自出口。	（中原内配，“合作”，康明斯），（康明斯，“合作”，中原内配）
喜乐航CEO潘运滨说，互联网时代的人类对客舱里封闭的、零互动的体验是无法容忍的，喜乐航正与海南航空一起打破信息孤岛，填补行业空白。	（喜乐航，“合作”，海南航空），（海南航空，“合作”，喜乐航）
海正药业今日公告称，近日公司及全资子公司海正药业有限公司与PfizerInc.签订了《合资意向书》。	（海正药业，“拥有”，海正药业有限公司）
广州药业白玉山暴涨再增广药集团重组关注	（广药集团，“拥有”，广州药业）
中石化称，截至<N>月<N>日，旗下勘探南方分公司在川东北、<N>口钻前工程施工井目前已全部进入正常施工。	（中石化，“拥有”，勘探南方分公司）
随着股权结构的调整，力源液压的名称也与其在中航集团中的战略定位不符，为此，力源液压董事会<N>月<N>日通过决议，拟更名为“中航重机股份有限公司”，	（中航集团，“拥有”，中航重机股份有限公司）
记者了解到，史密斯菲尔德预计将在<N>月<N>日最终完成交易，从交易所退市后将作为双汇国际的全资子公司。	（双汇国际，“拥有”，史密斯菲尔德）
中油化建控股股东吉化集团此前通过公开征集受让方的方式，确定山煤集团为其上市公司全部股份的受让方。	（吉化集团，“拥有”，中油化建）
最新统计显示，现阶段前海人寿已开业的分支机构数量已达<N>家，广东省内开设的分支机构已逾<N>家;省外分公司包括上海分公司、四川分公司与湖北分公司。	（前海人寿，“拥有”，上海分公司）
苏赛特商业数据公共关系总监杨青春在接受记者采访时表示，惠泉啤酒在被燕京收购后曾经历过一段时期的快速发展，	（燕京，“拥有”，惠泉啤酒）
他向媒体和投资者表示，复星国际复星资金流动性非常宽松;账面上现在还有好几百亿的股票可以出手，这些钱到手之后既可以选择还债、降低风险。	（复星国际，“拥有”，复星资金）
广电集团转让上海正浩资产管理有限公司<N>.<N>%股权和斜土路等四处房产所有权及使用权;向广电集团全资子公司上海广电资产经营管理有限公司转让巨鹿路房地产。	（广电集团，“拥有”，上海广电资产经营管理有限公司）
近日，通化东宝子公司厦门特宝在美国ClinicalTrials.gov网站发布信息，	（通化东宝，“拥有”，厦门特宝）
在未来与特斯拉的合作方面，腾讯方面表示，目前，特斯拉可能正致力于Model<N>轿车、建设超级电池工厂<N>号等目标的实现。	（腾讯，“合作”，特斯拉），（特斯拉，“合作”，腾讯）
该文章的主人公就是前海旗隆基金子公司——北京旗隆医药控股有限公司曾经的法人代表王新。	（前海旗隆基金，“拥有”，北京旗隆医药控股有限公司）
今年上半年，上海汽车抓住机遇，市场销量继续稳居行业首位，占据了全国<N>%以上的市场份额，其中合资公司上海大众的贡献功不可没。	（上海汽车，“拥有”，上海大众）
宏碁全球个人电脑业务总裁坎贝尔-肯表示:“如果微软打算做硬件，我们是应该继续依靠微软，还是应该物色替代软件?”	（宏碁，“合作”，微软），（微软，“合作”，宏碁）
本次会议由国务院国资委研究中心指导，上海国有资本运营研究院和重庆渝富资本运营研究院共同发起，由山东国惠投资有限公司轮值主办。	（重庆渝富资本，“合作”，山东国惠投资有限公司），（山东国惠投资有限公司，“合作”，重庆渝富资本）
订单的不断增加给飘安的原材料采购造成了资金困难，中行河南省分行立即启动了的绿色通道，在三天时间内，中行完成了尽责审查、项目审批等工作，	（中行，“拥有”，中行河南省分行）
根据中国平安的公告，旗下平安人寿已与深发展协商一致，	（中国平安，“拥有”，平安人寿）
此外，万家乐子公司顺特电气分别在辽宁、河北中标风电场，作为集太阳能和风能为一体的新能源龙头，其股价被市场严重低估。	（万家乐，“拥有”，顺特电气）
京东或复制与永辉超市合作模式	（京东，“合作”，永辉超市），（永辉超市，“合作”，京东）
上海建工公告称，公司下属的上海市第四建筑有限公司中标世博居民文化区项目工程，中标价为<N>.<N>万元。	（上海建工，“拥有”，上海市第四建筑有限公司）
此前，<N>年<N>月Lyft宣布，公司会与通用汽车合作开发无人驾驶汽车。	（Lyft，“合作”，通用汽车），（通用汽车，“合作”，Lyft）
东方集团为什么要将东方家园拆分?什么时候进行拆分的，目的是什么?拆分后又采取了哪些措施?	（东方集团，“拥有”，东方家园）
据了解，“双创周”期间，掌富宝位于深圳湾创业广场A<N>—<N>的展位，现场做了财富云和掌富宝科技的产品推介，获得了观众的一致好评。	（掌富宝，“拥有”，掌富宝科技）
<N>月<N>日，<N>世纪经济报道记者从铂涛集团获悉，该公司将推出全新品牌——铂涛旅行，定位以酒店为承载的场景化旅行社交电商平台。	（铂涛集团，“拥有”，铂涛旅行）
和全部省份的流通企业资格同时中标“家电下乡”推广工程的深康佳宣布，其地县平板市场的渠道升级已取得阶段性成果，截至目前，康佳共开展了<N>期“平板下乡”工程，	（康佳，“拥有”，深康佳）
"自国家电网公司提出“到<N>年全面建成""一强三优""现代公司”这一奋斗目标起，国网山东省电力公司威海供电公司就积极解放思想、同考;"	（国家电网公司，“拥有”，国网山东省电力公司威海供电公司），（国家电网公司，“合作”，国网山东省电力公司威海供电公司），（国网山东省电力公司威海供电公司，“合作”，国家电网公司）
鲁抗医药对存续多年的营销体制进行了重大改革，重新整合了营销架构和市场区域，将原普药销售公司和新药销售公司调整为山东、<N>-ACA系列产品销售形势出现了转机	（鲁抗医药，“拥有”，新药销售公司）
分析人士认为，包钢集团目前为包钢稀土的控股股东，无论是从规避同业竞争还是效益最大化的角度来看，包钢稀土无疑将是上述政策的最大受益者，	（包钢集团，“拥有”，包钢稀土）
从新华制药披露的信息看，新达制药效益不错，	（新华制药，“拥有”，新达制药）
他认为，女儿红这个品牌在中国的酒类行业中是很有影响力的，就看古越龙山如何把这个品牌经营好了。	（古越龙山，“拥有”，女儿红）
而截止今年<N>月，奥园已经在长安<N>号上实现了销售额<N>.<N>亿元，超过其半年总销售额<N>.<N>亿元的一半，奥园成功将这个烂尾楼项目变身为其手中的摇钱树。	（奥园，“拥有”，长安）
招行、摩拜达成战略合作 严控押金监管	（招行，“合作”，摩拜），（摩拜，“合作”，招行）
至此，国航共持有深航<N>%股权，如愿实现了对深航的控股。	（国航，“拥有”，深航）
<N>月<N>日，四环生物发布公告，公司及全资子公司江阴四环投资有限公司拟分别以<N>万元、<N>.<N>%的股权。	（四环生物，“拥有”，江阴四环投资有限公司）
他表示，乌干达与乐视未来合作的空间巨大，希望乐视能够更多参与非洲经济发展，打造非洲互联网生态，推动中乌两国在经济、贸易等方面进一步交流与合作。	（乌干达，“合作”，乐视），（乐视，“合作”，乌干达）
在<N>年华润入主东阿阿胶以后，公司就一直霸占细分行业龙头位置，利用品牌和营销网络的优势消化提价对销量的负面影响。	（华润，“拥有”，东阿阿胶）
记者从物美、超市发等卖场了解到，卖场已收到宝洁的提价通知，从<N>月<N>日起提价。	（物美，“合作”，宝洁），（宝洁，“合作”，物美）
昨日晚间，复星国际在沪与世界著名旅游度假企业地中海俱乐部签署协议，	（复星国际，“合作”，地中海），（地中海，“合作”，复星国际）
锦西石化隶属于中石油，原油年加工能力为<N>万吨。	（中石油，“拥有”，锦西石化）
王老吉大健康公司董事长吴长海在当天的仪式上表示，加多宝关于此前王老吉商标仲裁结果的诉讼声明并不影响广药集团如期推出“红罐王老吉”。	（广药集团，“拥有”，王老吉大健康公司）
二是三鹿集团所持有的新乡市林鹤乳业有限公司<N>.<N>%的投资权益;	（三鹿集团，“拥有”，新乡市林鹤乳业有限公司）
此外，南山集团还成立了南山航空学院。	（南山集团，“拥有”，南山航空）
急于通过国际市场做大销售额的四川长虹，携手当时在美国名不见经传的Apex，把自己的彩电和DVD大规模地打入了美国的百思买等家电连锁店和沃尔玛等大型超市。	（四川长虹，“合作”，百思买），（百思买，“合作”，四川长虹）
尽管没有明确承认与上汽联姻，但从云内动力的态度来看，公司方面也没有否认，“看来这件事情是比较靠谱的”。	（上汽，“合作”，云内动力），（云内动力，“合作”，上汽）
面对银泰系的步步紧逼，武商联开始寻找盟友，武汉经济发展投资集团有限公司、武汉统建办先后加入“武商盟”。	（武商联，“合作”，武汉经济发展投资集团有限公司），（武汉经济发展投资集团有限公司，“合作”，武商联）
乳业专家王丁棉表示，去年中粮系彻底接管蒙牛后动作频频，引入爱氏晨曦、达能两大国际巨头，	（蒙牛，“合作”，爱氏晨曦），（爱氏晨曦，“合作”，蒙牛）
包括LG电子和LG化学在内的LG旗下数家企业，已经与通用汽车密切合作，共同开发电动马达、仪表盘显示器以及其它用于Bolt的电子系统。	（LG，“合作”，通用汽车），（通用汽车，“合作”，LG）
今年<N>月份，全聚德正式发布“互联网+”战略，并宣布鸭哥科技正式成立，负责全聚德的互联网化运营。	（全聚德，“拥有”，鸭哥科技）
在被媒体曝出，茅台酒厂欲收购“赖茅”商标的报道后，茅台集团与“王茅”荣和烧坊也将展开对垒。	（茅台集团，“拥有”，茅台酒厂）
联华超市的控股股东—百联集团宣传部部长黄岩也在<N>月<N>日表示，对此消息不持观点，不作回应。	（百联集团，“拥有”，联华超市）
近日，双汇集团与中国银行河南省分行在郑州签署全面战略合作协议。	（双汇集团，“合作”，中国银行河南省分行），（中国银行河南省分行，“合作”，双汇集团）
之所以砸重金将新华先锋揽入怀中，中南文化看重的是其签下了不少知名作者的作品IP，	（新华先锋，“拥有”，中南文化）
被划入百佳潜在买家名单的华润创业，便隶属于央企华润集团。。	（华润集团，“拥有”，华润创业）
早在<N>年，哈药集团在哈药股份股改时即承诺，	（哈药集团，“拥有”，哈药股份）
据悉，作为中国联通战略合作伙伴，苏宁电器优先获得了小米<N>S联通版的发售权，	（中国联通，“合作”，苏宁电器），（苏宁电器，“合作”，中国联通）
就在上个月，雨润还刚刚与美国梦工厂签署战略合作协议，计划投资<N>亿美元，联手打造主题乐园。	（雨润，“合作”，美国梦工厂），（美国梦工厂，“合作”，雨润）
除了向NBA支付购买比赛版权等相关费用以外，新浪还将向NBA支付一定比例的广告分成。	（NBA，“合作”，新浪），（新浪，“合作”，NBA）
本次资产注入，最引人注目的是快乐阳光运营的芒果TV。。	（快乐阳光，“拥有”，芒果TV）
目前日升公司控股股东及法人实际控制人为湖北裕东科技有限公司，后者持有其<N>.<N>%股权。	（湖北裕东科技有限公司，“拥有”，日升公司）
其中，普通股由中国投资有限公司、国家开发银行旗下负责股权投资的子公司国开金融有限责任公司（以下简称国开金融），	（国家开发银行，“拥有”，国开金融）
本报讯博瑞传播旗下的子公司、中国西南地区最大的网游公司成都梦工厂已经决定明年上市，	（博瑞传播，“拥有”，成都梦工厂）
中交集团目前为振华重工大股东，持股<N>.<N>%。	（中交集团，“拥有”，振华重工）
<N>月初，绿地集团与香港上市公司盛高置业联合宣布，绿地通过其在香港注册的全资子公司，以<N>亿港元认购盛高增发的普通股及无投票权可换股优先股。	（盛高置业，“合作”，绿地），（绿地，“合作”，盛高置业）
滨江集团与万科南都联合开发杭州置业项目	（滨江集团，“合作”，万科南都），（万科南都，“合作”，滨江集团）
在刚刚过去的“双<N>”，索菲亚借助天猫平台进行了一场网上家居“狂欢”，销售总额突破<N>.<N>亿元。	（索菲亚，“合作”，天猫），（天猫，“合作”，索菲亚）
这是恒大的第一步，通过收购国外知名乳业企业、引入国外先进技术后，恒大乳业以自身发展速度快、国内发展基地条件成熟的优势，	（恒大，“拥有”，恒大乳业）
如果双沟酒业上市，维维股份将会获得更大的收益”。	（双沟酒业，“合作”，维维股份），（维维股份，“合作”，双沟酒业），（维维股份，“拥有”，双沟酒业）
根据计划，双方首先开发印度市场，计划将上汽通用五菱的微车产品和上海通用的产品将引入印度，作为通用扩大在印度市场占有率的主要车型。	（上汽通用五菱，“合作”，上海通用），（上海通用，“合作”，上汽通用五菱），（上海通用，“拥有”，上汽通用五菱）
业内人士指出，此次雪松控股与浦发银行达成全面、广泛的战略合作，特别是在金融服务方面达成合作，意义深远。	（雪松控股，“合作”，浦发银行），（浦发银行，“合作”，雪松控股）
石墨及炭素制品业业务的上市平台是方大炭素，辽宁方大持有方大炭素<N>.<N>%股权。	（辽宁方大，“拥有”，方大炭素）
以武汉万达瑞华酒店开业为标志，万达酒店及度假村管理有限公司旗下三大自主管理品牌酒店悉数上市。	（万达酒店及度假村管理有限公司，“拥有”，武汉万达瑞华酒店）
中国神华称，未来如果神华沃特马克就该区域申请采矿许可并获得批准，	（中国神华，“合作”，神华沃特马克），（神华沃特马克，“合作”，中国神华）
<N>年，盛发强成立了北海天惠旅游用品有限公司，开始生产帐篷、销售帐篷，<N>年时转移到北京来的，同时开始使用“探路者”作为品牌。	（北海天惠旅游用品有限公司，“拥有”，探路者）
<N>年<N>月，有媒体报道称，中信集团旗下中信地产，可能采取吸收、合并方式借壳上市，通过定向增发将资产注入珠江控股。	（中信集团，“拥有”，中信地产）
<N>日，福尔德的新公司“美国Thor合伙人有限公司”与苏州凯达创业投资有限公司在北京联合宣布，	（美国Thor合伙人有限公司，“合作”，苏州凯达创业投资有限公司），（苏州凯达创业投资有限公司，“合作”，美国Thor合伙人有限公司）
<>注意到，广发基金旗下两只基金持有该股，其中广发行业领先A持有该股<N>.<N>万股，持股市值为<N>.<N>万元，为第一大重仓基金;	（广发基金，“拥有”，广发行业领先A）
旗下控股平高电气股份有限公司，与日本东芝合资的平高东芝高压开关有限公司在输变电产品市场占有重要地位。	（日本东芝，“拥有”，平高东芝高压开关有限公司）
根据浙商财险公布的资料显示，侨兴集团两家下属企业<N>年在广东金融高新去股权交易中心有限公司备案发行量<N>期私募债，共募集资金<N>亿元。	（侨兴集团，“合作”，广东金融高新去股权交易中心有限公司），（广东金融高新去股权交易中心有限公司，“合作”，侨兴集团）
一位私募基金经理告诉记者，神州泰岳如果想在中国移动以外拓展业务，不可能像开展中国移动的业务那么容易——因为他们的优势就是与中国移动保持的良好关系。	（神州泰岳，“合作”，中国移动），（中国移动，“合作”，神州泰岳）
次共有<N>个批次涉及巧克力的进境产品检出不合格，其中，由海南省免税品有限公司进口的，产地为墨西哥的<N>千克好时袋装迷你巧克力被检出违规使用了维生素E，	（海南省免税品有限公司，“合作”，好时），（好时，“合作”，海南省免税品有限公司）
然而，作为行业龙头企业，格力电器依托强大的科研实力和产品力，格力空调的增长幅度依然位居行业第一，并且营业收入和第二名的差距日益拉大，强者恒强。	（格力电器，“拥有”，格力空调）
按照协议，公司将全部持有的江西通恒实业有限公司<N>%股权以人民币<N>.0<N>亿元的价格转让给赣商联合，本次交易产生的利润为<N>.<N>万元。	（赣商联合，“拥有”，江西通恒实业有限公司）
“秦”文化保护:中国泛海旗下陕西九州映红实业发展有限公司在投资建设秦文化国际旅游度假区时注重将业务运营与“秦文化”保护结合在一起。	（中国泛海，“拥有”，陕西九州映红实业发展有限公司）
与此同时，浦发银行也将借此机会与中国移动“共享”其<N>.<N>亿的手机用户群体。	（浦发银行，“合作”，中国移动），（中国移动，“合作”，浦发银行）
民生加银增聘陈东、乐瑞祺担任民生增强收益基金经理，与傅晓轩共同管理该基金。	（民生加银，“拥有”，民生增强收益）
据悉，纽曼将从<N>年<N>月<N>日起成为深发展的高级顾问。	（纽曼，“合作”，深发展），（深发展，“合作”，纽曼）
一份<N>转<N>的分配预案，不仅让迪康药业短短十几个交易日暴涨<N>%，也让控股股东四川蓝光实业集团大赚了一笔!	（四川蓝光实业集团，“拥有”，迪康药业）
中国石油天然气股份有限公司下属的中石油国际投资有限公司联合澳大利亚壳牌能源控股有限公司，	（中国石油天然气股份有限公司，“拥有”，中石油国际投资有限公司）
茅台此前公布的“1<N><N>战略”，其中<N>个战略品牌即是华茅、赖茅，价位均在中低端。	（茅台，“拥有”，华茅）
此前，摩托罗拉一直在中国电信的C网市场有很好的用户基础，联想收购MOTO也会进一步推动联想与中国电信的合作。	（摩托罗拉，“合作”，中国电信），（中国电信，“合作”，摩托罗拉）
而俄罗斯天然气工业股份公司高层也在近期表示，其与中石油已基本达成一致，	（俄罗斯天然气工业股份公司，“合作”，中石油），（中石油，“合作”，俄罗斯天然气工业股份公司）
但整合之后如何对两家公司进行有效管理，化解*ST钒钛股东现金选择权的资金压力，是新鞍钢必须解决的问题。	（钒钛，“合作”，鞍钢），（鞍钢，“合作”，钒钛）
另外，针对有关媒体关于大股东减持涉嫌违规的质疑，洪都航空此前发布澄清公告称，公司控股股东中航科工致函公司，	（中航科工，“拥有”，洪都航空）
长岭炼化已于<N>年<N>月<N>日实行体制转换，整体并入中国石化集团资产经营管理有限公司，转换为中石化资产公司长岭分公司，并于<N>年<N>月2<N>日注销。	（中国石化集团资产经营管理有限公司，“拥有”，中石化资产公司长岭分公司）
公开信息显示，收购普茨迈斯特对三一重工可谓意外之喜。	（三一重工，“拥有”，普茨迈斯特）
通俗来讲，苏宁易购就是苏宁电器的网上商店。	（苏宁电器，“拥有”，苏宁易购）
TCL集团今日发布公告称，由于各项假定发生较大变化，公司将回购此前向万通新创转让的冠邦置业<N>%股权。	（TCL集团，“拥有”，冠邦置业）
<N>年<N>月，中石油控股克拉玛依市商业银行，拿到银行牌照;<N>月，中石油再度出手，收购宁波金港信托。	（中石油，“拥有”，克拉玛依市商业银行）
百视通与华谊兄弟战略合作	（百视通，“合作”，华谊兄弟），（华谊兄弟，“合作”，百视通）
商报讯针对上周传出的百事计划在未来几周内上调佳得乐运动型饮料等产品售价的消息，	（百事，“拥有”，佳得乐）
而当我们再次向星光科技下属的索莱特公司求证时，一名男性职员称，张鲁平是发行人星光科技委派到该公司的总经理。	（星光科技，“拥有”，索莱特公司）
未来<N>年，万达集团是富兰克·德贡公司在中国内地唯一合作伙伴。	（万达集团，“合作”，富兰克·德贡公司），（富兰克·德贡公司，“合作”，万达集团）
本报讯记者日前从青岛海尔获悉，备受关注的海尔整体上市已拉开大幕，	（海尔，“拥有”，青岛海尔）
<N>月<N>日，同洲电子与韩国现代合作，双方将就数字电视一体机及智能电视产品的研发、制造及销售等合作。	（同洲电子，“合作”，韩国现代），（韩国现代，“合作”，同洲电子）
公司表示，资金将主要用于美中互利旗下和睦家医疗网络的扩张和业务的发展。	（美中互利，“拥有”，和睦家医疗）
为何要选择在华发行熊猫债?发债与此前北汽股份整体上市计划、北汽和戴姆勒的交叉持股以及戴姆勒全球产能扩张有何深刻的关联?	（北汽，“合作”，戴姆勒），（戴姆勒，“合作”，北汽）
比亚迪<N>年<N>月开始销售新能源汽车F<N>DM，去年<N>月销售另一款新能源汽车E<N>，近两年多F<N>DM共销售了<N><N>5辆，实现营收<N>万元，E<N>共销售<N>	（比亚迪，“拥有”，E<N>）
富阳万连通信器材有限公司和浙江神州特种电缆有限公司这两家公司，曾与四川金顶达成一项至今对四川金顶依然影响重大的关联交易。	（富阳万连通信器材有限公司，“合作”，浙江神州特种电缆有限公司），（浙江神州特种电缆有限公司，“合作”，富阳万连通信器材有限公司）
针对此次双方的注资传闻，中国证券报记者随即致电中铝公司副总经理吕友清，他承认曾与力拓就注资合作进行过接触，	（中铝公司，“合作”，力拓），（力拓，“合作”，中铝公司）
双汇发展前晚发出公告称，济源双汇已经具备了复工的条件。	（双汇发展，“拥有”，济源双汇）
华鲁恒升公告，公司控股股东山东华鲁恒升集团有限公司正在讨论重大事项。	（山东华鲁恒升集团有限公司，“拥有”，华鲁恒升）
，称中国电信将以中卫国脉作为中国电信待开发土地资源整合、进行合作开发等方式，发展中卫国脉的房地产开发业务，促使中卫国脉酒店运营与房地产开发业务协同发展。	（中国电信，“合作”，中卫国脉酒店），（中卫国脉酒店，“合作”，中国电信）
，富龙热电与赤峰市泰升国有资产经营管理有限责任公司签署了《股权转让协议》，将公司所持赤峰富龙路桥投资经营有限责任公司<N>.<N>%股权出售给泰升国资公司，	（富龙热电，“拥有”，赤峰富龙路桥投资经营有限责任公司）
次所推出的“上海银行联通联名信用卡”除了具备全球机场贵宾厅服务、一元机场停车等信用卡常规权益之外，还为联通手机客户量身订做了“消费换流量”这一特色功能，	（上海银行联通，“合作”，联通），（联通，“合作”，上海银行联通）
根据挂牌公告，呼和浩特市滨海建设为内蒙古滨海投资股份有限公司的全资子公司，	（内蒙古滨海投资股份有限公司，“拥有”，呼和浩特市滨海建设）
根据潍柴动力回归A股借壳湘火炬时发布的股票上市公告书以及年报，当时潍柴动力下属有一家企业叫潍柴动力投资有限公司。。	（潍柴动力，“拥有”，潍柴动力投资有限公司）
据TCL通讯内部人士透露，德国运营商T-Mobile今年也与TCL通讯达成合作，其定购的ALCATELOT-<N>手机在各个市场热卖。	（TCL通讯，“合作”，T-Mobile），（T-Mobile，“合作”，TCL通讯）
中国太保今日晚间发布公告称，公司控股子公司太保产险拟与宁波工业投资集团有限公司、西藏金融租赁有限公司以及杭州泰一指尚科技有限公司共同发起设立一家股份制保	（中国太保，“拥有”，太保产险拟与宁波工业投资集团有限公司）
实际上，万达酒店及度假村已经在武汉拥有武汉万达嘉华以及委托管理的武汉万达威斯汀酒店，	（万达酒店及度假村，“拥有”，武汉万达嘉华）
鉴于中国庞大的中餐市场，百胜餐饮确实需要有一个良好的商业品牌作为运作平台，而小肥羊恰好是其最佳的选择。	（百胜餐饮，“合作”，小肥羊），（小肥羊，“合作”，百胜餐饮）
今日公司表示，将在时机成熟时收购华电集团在黑龙江省剩余的两家电厂，即黑龙江华电富拉尔基发电有限公司和哈尔滨发电有限公司，	（华电集团，“拥有”，黑龙江华电富拉尔基发电有限公司）
事件:隧道股份董事会审议通过了关于全资子公司上海建元投资有限公司投资常州中吴大道城市化改造工程项目的议案。	（隧道股份，“拥有”，上海建元投资有限公司）
联想与中国电信的合作也会加强，仅<N>G智能手机就将达到<N>款，全年销售目标超过<N>万部。	（联想，“合作”，中国电信），（中国电信，“合作”，联想）
新华网<N>月<N>日电红星美凯龙家居集团旗下全资子公司、自营进口家居品牌红星美凯龙凯撒至尊第一家直营店<N>日在京开业，首批<N>家意大利品牌入驻。	（红星美凯龙家居集团，“拥有”，红星美凯龙凯撒至尊）
中国商飞正在研制的国产大型客机C<N>，也选择了美法合资的CFM国际有限公司研发的LEAP-X<N>C发动机作为唯一国外启动动力装置。	（中国商飞，“合作”，CFM国际有限公司），（CFM国际有限公司，“合作”，中国商飞）
其中，国航进出口有限公司作为中国国航的全资子公司，是本次交易的进口代理。	（中国国航，“拥有”，国航进出口有限公司）
独具慧眼的金罐加多宝再一次出击，一举拿下乐视网《芈月传》网络超级特约，	（加多宝，“合作”，乐视网），（乐视网，“合作”，加多宝）
此前曾有一些调动传闻，比如中国移动集团客户部总经理周毅调江西省任总经理;总部工会主席田利民调任北京移动任党委书记;	（中国移动集团，“拥有”，北京移动）
募集资金将全部用于收购邯钢集团持有的邯宝公司<N>%股权。	（邯钢集团，“拥有”，邯宝公司）
值得一提的是，威高集团也是山东一家医疗器械企业，其子公司山东威高集团医用高分子制品股份有限公司为香港上市公司。	（威高集团，“拥有”，山东威高集团医用高分子制品股份有限公司）
湘电股份今日发布公告称，控股子公司湘电风能通过竞拍，以<N>万欧元的价格，收购荷兰达尔文公司的资产。	（湘电股份，“拥有”，湘电风能）
据《齐鲁晚报》报道，位于山东济南二环东路的乐购超市即将关闭，该门店是乐购进驻济南的第一家，200<N>年<N>月开店，面积近<N>万平方米。	（乐购，“拥有”，乐购超市）
公开资料显示，清晗基金的大股东为草根合创资产管理有限公司，该公司是新希望亚太投资控股有限公司的全资子公司，后者的母公司由新希望的创始人刘永好全资控股。	（新希望亚太投资控股有限公司，“拥有”，草根合创资产管理有限公司）
“为了未来的梦想”带领观众走进充满爱心的责任苏宁，为“苏宁校舍”、“苏宁桥”、“苏宁阳光梦阳中心”的孩子们祝福。	（苏宁，“拥有”，苏宁桥）
同时，由<N>世纪社会创新研究中心推荐，乐巢日前获得“创新医疗服务国际合作中心”的邀请，正申请加入IPIHD全球医疗服务模式创新系统。	（<N>世纪社会创新研究中心，“合作”，乐巢），（乐巢，“合作”，<N>世纪社会创新研究中心）
<N>月<N>日，中铝股份宣布拟与GIIG控股有限公司在马来西亚兴建电解铝厂项目，预计总投资额约为<N>亿美元。	（中铝股份，“合作”，GIIG控股有限公司），（GIIG控股有限公司，“合作”，中铝股份）
<N>日，因主要成分“对乙酰氨基酚”超标，存在损坏儿童肝脏的危险，韩国政府迫使强生韩国公司召回韩国市场上约<N>万瓶“泰诺止痛糖浆”和“儿童泰诺悬浊液”。	（强生韩国公司，“拥有”，泰诺止痛糖浆）
据公告，日照港拟向大股东日照港集团及其全资子公司岚山港务、昱桥公司钢企股东非公开发行<N>.<N>亿股A股，用于收购目标资产。	（日照港集团，“拥有”，岚山港务）
目前，大唐电信旗下的联芯科技已发布多款多模多频移动终端和数据终端芯片，并被国内外厂商大规模应用。	（大唐电信，“拥有”，联芯科技）
近日，五粮液大经销商银基集团披露盈利警告显示，预计截至<N>月底的半年业绩将再录得亏损。	（五粮液，“合作”，银基集团），（银基集团，“合作”，五粮液）
长城资产管理公司则为宝石A的实际控制人。	（长城资产管理公司，“拥有”，宝石A）
BP在中国的发展计划，陈黎明首次向媒体透露了其四大战略重点，即参与常规和非常规天然气领域的开发、与中石油等三巨头加强在石油领域的合作、在炼油一体化产业链	（BP，“合作”，中石油），（中石油，“合作”，BP）
国药集团一致药业股份有限公司是国药集团旗下集医药研发、医药物流为一体的综合性医药上市公司。	（国药集团，“拥有”，国药集团一致药业股份有限公司）
记者在深国商网站看到，晶岛的招商广告置于网站首页最显眼的位置，然而在内页招商信息、新驻品牌等信息栏里还是空白。	（深国商，“合作”，晶岛），（晶岛，“合作”，深国商）
鑫秋农业财务造假的问题在上市之前就已经存在，主办券商中泰证券在上市之前对于鑫秋农业的财务造假问题没有发现任何蛛丝马迹，	（中泰证券，“合作”，鑫秋农业），（鑫秋农业，“合作”，中泰证券）
资料显示，中山公用目前的大股东为中山中汇投资集团，持有上市公司<N>.<N>%的股份，中汇投资成立于<N>年<N>月<N>日，其背后是中山市政府下辖的国资委。	（中汇投资，“拥有”，中山公用）
陕国投此次面向陕煤化集团、地方实力型国有企业之间的一次战略合作，也是陕西省加快地方金融企业发展的重要举措，产业资本和金融资本互动发展的结果。	（陕国投，“合作”，陕煤化集团），（陕煤化集团，“合作”，陕国投）
此前，中国移动与中广传播签订排他性协议规定，三年内，只有中国移动TD手机终端可以与CMMB结合使用。	（中国移动，“合作”，中广传播），（中广传播，“合作”，中国移动）
如前述长沙金霞项目投资事项，公司从未进行披露;与中旭担保、力士投资合作长沙项目，与银泰中国合作珠海项目等事项，公司仅在定期报告中披露，未进行临时公告。	（长沙金霞，“合作”，银泰中国），（银泰中国，“合作”，长沙金霞）
伊利集团与中国银行日前举行战略合作协议签字仪式。	（伊利集团，“合作”，中国银行），（中国银行，“合作”，伊利集团）
而推动华联股份向购物中心等利润较高的零售业态转型，显然能提升北京华联集团的整体盈利水平。	（华联股份，“合作”，北京华联集团），（北京华联集团，“合作”，华联股份）
佛山照明停牌审议公告内容》，对佛山照明<N>月<N>日的停牌公告进行解读，并透露了佛山照明“与台湾必翔实业公司合作共同投资建立新的锂动力电池生产企业”的信息。	（佛山照明，“合作”，台湾必翔实业公司），（台湾必翔实业公司，“合作”，佛山照明）
朗诗集团与巴斯夫签署战略合作协议	（朗诗集团，“合作”，巴斯夫），（巴斯夫，“合作”，朗诗集团）
公开资料指出，上海汇丽集团有限公司是三林万业旗下专业生产新型建材产品的企业，所属上海汇丽建材股份有限公司<N>年在B股上市，即*ST汇丽B。	（三林万业，“拥有”，上海汇丽集团有限公司）
有愤怒的业主们来到深圳万科梅林总部献花圈，打出挽联“哀悼万科已逝的品质”。	（万科，“拥有”，深圳万科梅林）
而西安湖城大镜、南京自在城等项目的相继入市，对金地全年的销售将起到推波助澜的作用。	（金地，“拥有”，西安湖城大镜）
部分项目盈利情况还超过公司估计，以保利地产开发的北京保利香槟花园为例，该项目投入<N>.<N>亿元，公司预计收益<N>万元，实际收益达到<N>.<N>万元。	（保利地产，“拥有”，北京保利香槟花园）
雪松控股集团董事局主席张劲、吴伟海与浦发银行总行副行长谢伟、广州分行行长助理刘冰岩等出席签约仪式。	（浦发银行，“拥有”，广州分行），（浦发银行，“合作”，广州分行），（广州分行，“合作”，浦发银行）
前景，<N>月<N>日，三一重工旗下全资子公司三一起重机与帕尔菲格集团子公司PalfingerAsiaPacificPte.Ltd在湖南省长沙市签订合资协议，	（三一重工，“拥有”，三一起重机）
中航资本、中航机电、中航重机……这些<N>年中国资本市场上炙手可热的军工股，全部是中国航空工业集团公司（以下简称中航工业）旗下的上市公司。	（中航工业，“拥有”，中航机电）
在开幕式上，湖南省民政厅为步步高集团“福光基金”揭牌。	（步步高集团，“拥有”，福光基金）
河南杜康联姻酒仙网 酒企与电商合作渐成趋势	（河南杜康，“合作”，酒仙网），（酒仙网，“合作”，河南杜康）
<N>-<N>月份一汽夏利累计生产<N>.<N>万辆汽车，同比增<N>.2<N>%，其中夏利系列增<N>.<N>%、威系列增<N>.8<N>%。	（一汽夏利，“拥有”，夏利）
三是三鹿集团所持有的唐山三鹿乳业有限公司<N>%的投资权益;	（三鹿集团，“拥有”，唐山三鹿乳业有限公司）
作为双方PC业务合作内容的一部分，方正科技与宏碁公司签订了相关协议，	（方正科技，“合作”，宏碁公司），（宏碁公司，“合作”，方正科技）
有专家称，陆家嘴集团与外高桥集团参与项目	（陆家嘴，“合作”，外高桥），（外高桥，“合作”，陆家嘴）
作为合作的部分内容，通用汽车会对公司投资<N>亿美元，相当于Lyft整体<N>%的股份额，随后还表示计划扩大与Lyft的合作关系。	（通用汽车，“合作”，Lyft），（Lyft，“合作”，通用汽车）
中国证券网讯<N>日早间，金龙汽车发布公告称，公司控股子公司金龙联合汽车工业有限公司涉及“骗补”。	（金龙汽车，“拥有”，金龙联合汽车工业有限公司）
<N>月<N>日，国窖酒类销售股份有限公司调整国窖15<N>3经典装价格体系，<N>度<N>ml经典装计划内配额确定为<N>元，计划外<N>元;	（国窖酒类销售股份有限公司，“拥有”，国窖）
事实上，就在<N>月<N>日，中钢集团还通过旗下公司中钢物业管理有限公司从二级市场购入另外一家上市公司吉林炭素股份有限公司72<N><N>50股，	（中钢集团，“拥有”，中钢物业管理有限公司）
受益于海南岛旅游规划只能说是海南航空业绩预增的一方面原因，今年上半年，一向经营南方航空公司的海南航空利用与政府合作的方式，	（海南航空，“拥有”，南方航空）
上周，红星美凯龙在其官方网站发布新闻，称与吉盛伟邦的合作将由股权收购调整为品牌战略合作，并于近日签署了品牌许可使用合同。	（红星美凯龙，“合作”，吉盛伟邦），（吉盛伟邦，“合作”，红星美凯龙）
香港上市的复星国际决定分拆其旗下的百慕大保险于纽交所或者纳斯达克上市，该项交易还需要获得港交所的批准。	（复星国际，“拥有”，百慕大保险）
就这样，华源股份与飞乐股份、华源股份与外高桥之间的“互保”协议一直维持数年，直至<N>年华源股份这个原本庞大的大厦发生流动性危机而轰然倒塌。	（华源股份，“合作”，飞乐股份），（飞乐股份，“合作”，华源股份）
同时公司受让<N>%股权的天大天久公司是中国化工集团昊华北方化工公司控股子公司，该公司在化工分离领域的技术水平和成果享有较高声誉。	（中国化工集团昊华北方化工公司，“拥有”，天大天久公司）
松下将与北汽合作生产电动汽车主要部件	（松下，“合作”，北汽），（北汽，“合作”，松下）
光大银行集团相关负责人表示，在这种合作模式下，光大银行通过对中船重工集团总部的授信，	（光大银行集团，“拥有”，光大银行）
为长期投资持有，充分发挥哈尔滨工业大学的人才、技术优势和八达集团管理团队的投资经验，为硅银公司今后在高科技产业投资和高科技企业的金融服务上提供有利支持。	（八达集团，“合作”，硅银公司），（硅银公司，“合作”，八达集团）
中国石化还宣布，决定收购母公司中国石油化工集团公司一控股公司股权，从而获得该公司持有的安哥拉一油气区块<N>%的权益。	（中国石油化工集团公司，“拥有”，中国石化）
器、兰航机电各<N>%的股权，主营业务正式变更为航空机载照明与控制系统产品的制造业务;置出的全部资产及负债，由中航工业指定第三方江西昌河汽车公司来承接。	（中航工业，“合作”，江西昌河汽车公司），（江西昌河汽车公司，“合作”，中航工业）
据悉，万达集团已为万达百货担保，从华电国际旗下华鑫国际信托贷款<N>亿元。	（万达集团，“合作”，万达百货），（万达百货，“合作”，万达集团）
摩登天空在北京银河SOHO的livehouse——ModernskyLab已经开始试运营，	（摩登天空，“合作”，北京银河），（北京银河，“合作”，摩登天空）
据了解，乐视生态销售与服务平台将全面承载乐视生态包括超级电视、AR以及MFL所有智能终端产品的销售与服务，承接乐视旗下汽车、销售与服务。	（乐视生态，“合作”，乐视），（乐视，“合作”，乐视生态）
但是短期内，飞牛网只是大润发门店的线上补充，难以成为大润发互联网化转型的一步棋—至少在北京市场阻力重重。	（大润发，“拥有”，飞牛网）
在这些直营店之外，凯撒至尊还将推出特许加盟模式，把进口家居售卖和服务网点覆盖红星美凯龙全国<N>多家商场。	（凯撒至尊，“合作”，红星美凯龙），（红星美凯龙，“合作”，凯撒至尊）
能轻易决定出售乐天玛特，也是担心给投入巨资的其他项目带来负面影响，但既已决定撤资，随着“萨德”风波的继续发酵，乐天在华投资的<N>万亿韩元项目可能全线动摇。	（乐天，“拥有”，乐天玛特）
以新能源汽车概念著称的比亚迪，出人意料地在美国和KBHome公司联手建起了新能源环保住宅。	（比亚迪，“合作”，KBHome公司），（KBHome公司，“合作”，比亚迪）
，这一沟通机制的建立将确保双方在平等的基础上依法友好地开展对话，从而将沃尔沃在汽车安全环保领域的领先技术优势与吉利对中国市场和消费者的深刻理解有效结合，	（沃尔沃，“合作”，吉利），（吉利，“合作”，沃尔沃）
本报讯日前，京东集团宣布:为了更好的向全社会输出京东物流的专业能力，	（京东集团，“拥有”，京东物流）
<N>安邦资产管理有限责任公司安邦资产-盛世精选<N>号集合资产管理产品C<N>.0<N><N>4	（安邦资产管理有限责任公司，“拥有”，安邦资产-盛世）
莱茵置业就重大资产重组事项发布了停牌公告，提出拟向控股股东莱茵达控股集团有限公司及浙江金能投资有限公司定向增发股份购买二者分别间接和直接持有的南昌龙力房	（莱茵达控股集团有限公司，“拥有”，莱茵置业）
天弘乐享保本的推出是天弘基金在打造教育场景理财领域迈出的第一步。	（天弘乐享，“拥有”，天弘基金）
此次纳入到资产注入的标的资产包括广州先锋报业有限公司，其下属广州劲球信息科技有限公司从事互联网及移动增值服务;	（广州先锋报业有限公司，“拥有”，广州劲球信息科技有限公司）
Musicvox则为苏宁自营，LAOX提供指导，因此，Musicvox对苏宁而言，是增加了一个新的品类，切入乐器消费的细分市场。	（苏宁，“拥有”，Musicvox）
上述迁建工作和补偿事宜涉及钱江摩托全资子公司浙江美可达摩托车有限公司和浙江益鹏发动机配件有限公司。	（钱江摩托，“拥有”，浙江美可达摩托车有限公司）
月<N>日，飞乐音响突然宣告停牌，虽然其表示将策划定向增发事宜，不过，由于之前的几日市场曾盛传摩根士丹利出售中金公司股权，与华鑫证券合作一事又有了新的进展。	（摩根士丹利，“合作”，华鑫证券），（华鑫证券，“合作”，摩根士丹利）
重庆市万州区尼斯酒店有限责任公司与重庆市兆瑞建筑材料有限公司为关联企业，	（重庆市万州区尼斯酒店有限责任公司，“合作”，重庆市兆瑞建筑材料有限公司），（重庆市兆瑞建筑材料有限公司，“合作”，重庆市万州区尼斯酒店有限责任公司）
渝开发作为重庆城投旗下唯一的上市公司，在重庆城投的高速发展中，具有明显的战略意义。	（重庆城投，“拥有”，渝开发）
北汽福田作为全柴动力的第二大股东、安徽江淮集团作为其省内最大用户，给全柴动力带来了巨大的产品需求，	（安徽江淮集团，“合作”，全柴动力），（全柴动力，“合作”，安徽江淮集团）
计划<N>年在苏宁电器门店建设<N>家惠普体验店，惠普将向苏宁电器门店派驻<N>人的专业销售工程师;	（苏宁电器，“合作”，惠普），（惠普，“合作”，苏宁电a
上海汽车和通用汽车联手合作，利用通用汽车在印度的品牌、两个整车厂和一个发动机工厂，生产和销售上海通用、上汽通用五菱主导开发的小型和微型车产品，	（通用汽车，“合作”，上海通用），（上海通用，“合作”，通用汽车）
据悉，今年<N>月，红豆党建已经顺利通过党建标准认证，红豆集团成为全国第一个通过党建质量认证的民营企业。	（红豆集团，“拥有”，红豆党建）
持有北京市第三肉类联合加工厂<N>%股权的北京市食品公司归属于北京二商集团有限责任公司;而成立于<N>年的北京市第三肉类联合加工厂目前已没有经营活动。	（北京二商集团有限责任公司，“拥有”，北京市食品公司）
按照冠捷科技昨日收盘每股<N>.<N>港元的价格计算，中国电子全资子公司华电有限所持有的<N>.<N>亿股价值仅为<N>.<N>亿港元。	（中国电子，“拥有”，华电有限）
普惠公司是世界著名航空发动机制造商之一，其民用发动机主要应用于波音和空客飞机。	（普惠公司，“合作”，波音），（波音，“合作”，普惠公司）
作为阿里巴巴PC互联网时代的得意之作，淘宝网无论在用户规模、商品数量还是市场份额方面都占据绝对优势。	（阿里巴巴，“拥有”，淘宝网）
<N>日，中国第二大单晶硅产品生产企业阳光能源控股有限公司发布公告称，全资附属公司日晟以增资形式注入<N>万元人民币收购在青海省成立的合营公司<N>%股权。	（阳光能源控股有限公司，“拥有”，日晟）
记者日前获悉，中国南车旗下的南京浦镇车辆有限公司，在深圳轨道交通四号线二期工程车辆采购招标中，以其技术、价格和交付期等方面的优势一举中标。	（中国南车，“拥有”，南京浦镇车辆有限公司）
广东双喜牌香烟和上海红双喜从今年<N>月<N>日起合作发展。	（广东双喜牌香烟，“合作”，上海红双喜），（上海红双喜，“合作”，广东双喜牌香烟）
南航与中国电信签订战略合作框架协议	（南航，“合作”，中国电信），（中国电信，“合作”，南航）
<N>年<N>月<N>日，天宸股份发布公告称，公司日前与金箍棒达成合作意向，拟将公司下属子公司天宸药业委托金箍棒承包经营，承包金额为每年<N>万元。	（金箍棒，“合作”，天宸药业），（天宸药业，“合作”，金箍棒）
发银行的定向增发方案中，上海国际集团有限公司再次现身——浦发银行董事长吉晓辉在股东大会上表示，作为浦发银行的大股东，上海国际集团肯定会参与此次定向增发，	（上海国际集团，“拥有”，浦发银行）
法国经济、财政和工业部日前发表新闻公报说，可口可乐旗下最大装瓶企业可口可乐企业公司计划在巴黎泛欧证券交易所发行普通股作第二上市。	（可口可乐，“拥有”，可口可乐企业公司）
潍柴和扬州市政府的合作极有可能就是控股亚星客车全盘棋局中的第一步。	（潍柴，“拥有”，亚星客车）
根据粤传媒之前公告，粤传媒实际控制人广州日报社拟通过广州传媒控股有限公司，将下属传媒类优质经营性资产整体注入上市公司。	（广州日报社，“拥有”，广州传媒控股有限公司）
三胞集团目前还持有江苏银行、紫金信托等金融股权，为了支持宏图高科金融板块的发展，三胞集团未来极有可能将持有的江苏银行、紫金信托等资产也注入宏图高科。	（三胞集团，“拥有”，宏图高科）
NHK通过持有<N>%OAL的股权而间接参股联众，从<N>年以来双方一直合作愉快，公司目前没有收到NHK准备出售股份的正式书面通知。	（NHK，“拥有”，OAL）
该项目将由中石油集团旗下的中国石油工程建设公司和管道局组成的内部联合体执行。	（中石油集团，“拥有”，中国石油工程建设公司）
这其中，运营芒果TV的快乐阳光交易作价占交易总金额比例为<N>.<N>%，是最为核心的标的资产。	（快乐阳光，“拥有”，芒果TV）
跟其他手机电影票应用相比，万达影院和支付宝钱包的合作更进一步。	（万达，“合作”，支付宝钱包），（支付宝钱包，“合作”，万达）
但是公司业绩却显示，双沟酒业的贡献已成为维维股份重要的利润来源。	（维维股份，“拥有”，双沟酒业）
"他透露，“现在公司的大健康产业战略主要围绕王老吉品牌展开，而王老吉药业被集团定位为实施""食品+药品""的健康产业战略布局，"	（王老吉药业，“拥有”，王老吉）
潘建平也认为，中材国际的主要竞争对手受危机影响更为严重;即使完全扣除Dangote集团的合同额，	（中材国际，“合作”，Dangote集团），（Dangote集团，“合作”，中材国际）
浙报传媒携手理想国际。	（浙报传媒，“合作”，理想国际），（理想国际，“合作”，浙报传媒）
碍于国有股权划转社保基金的影响，招商证券旗下直投公司招商致远资本投资有限公司不得不忍痛割爱，将所持江苏界达特异新材料股份有限公司的股权悉数转让。	（招商证券，“拥有”，招商致远资本投资有限公司）
而普明物流方面，也向本报记者列举了宏普实业诸多掏空上市公司之嫌，包括*ST宏盛控股子公司良华展发酒店有限公司，曾于<N>年<N>月，	（宏盛，“拥有”，良华展发酒店有限公司）
深交所要求披露获得昇辉电子与碧桂园<N>-<N>年的战略合作伙伴认证的主要内容，	（昇辉电子，“合作”，碧桂园），（碧桂园，“合作”，昇辉电子）
进入<N>月以来，中国石化东北油气分公司根据用户需求，不断加大对吉林省各地的供气量，特别是长春市的供气量，保证了一汽集团等重点企业和万千居民生活用气。	（中国石化东北油气分公司，“合作”，一汽集团），（一汽集团，“合作”，中国石化东北油气分公司）
据昨日《华尔街日报》报道，中国建筑股份有限公司将与RevelEntertainment和TishmanConstructionCorp.合作，	（中国建筑股份有限公司，“合作”，RevelEntertainment），（RevelEntertainment，“合作”，中国建筑股份有限公司）
中国电信将为南航量身打造“总机服务”“综合办公”“<N>G订票”“手机二维码值机”“移动视频监控”等增值服务，	（中国电信，“合作”，南航），（南航，“合作”，中国电信）
，曙光股份的大股东是辽宁曙光集团有限责任公司，曙光集团还拥有丹东曙光汽车零部件有限公司、辽宁黄海汽车集团进出口有限责任公司和丹东曙光实业有限责任公司等。	（曙光集团，“拥有”，丹东曙光汽车零部件有限公司）
山西振东制药股份有限公司，因业务发展需要，拟向全资子公司山西振东医药贸易有限公司借款人民币<N>，<N>万元。	（山西振东制药股份有限公司，“拥有”，山西振东医药贸易有限公司）
银行业人士分析称，如果双方合作，荷兰合作银行作为全球知名的农业金融银行，将带给农行先进的三农金融机构治理、信用控制以及风险管理等方面的经验。	（荷兰合作银行，“合作”，农行），（农行，“合作”，荷兰合作银行）
则与东莞黄江宝岛渡假村有限公司通过联合竞买的方式获取东莞市黄江镇<N>块土地，成交价格为1<N>.<N>亿元，总面积约<N>.<N>万平米，其中金地集团拥有<N>%权益。	（东莞黄江宝岛渡假村有限公司，“合作”，金地集团），（金地集团，“合作”，东莞黄江宝岛渡假村有限公司）
四川竹浆纸业是银鸽投资于<N>年入股的子公司，初始投资<N>余万元，占有<N>%股权。	（银鸽投资，“拥有”，四川竹浆纸业）
截至目前，华润集团及华润电力尚未就审计署审计一事发表声明。	（华润集团，“合作”，华润电力），（华润电力，“合作”，华润集团）
不仅如此，在中国石化<N>项可比指标中，齐鲁石化有<N>项排名第一，<N>项排名第二。	（齐鲁石化，“拥有”，中国石化）
从外部观察，阿里今年“<N>.<N>生活节”效果或许只能用“让人唏嘘”来形容—<N>日下午淘宝官方披露—“在<N>:<N>活动开始后<N>分钟内，	（阿里，“拥有”，淘宝）
据悉，参与阿里巴巴IPO的<N>家主要投行分别是瑞士信贷、摩根士丹利和花旗银行。	（阿里巴巴，“合作”，瑞士信贷），（瑞士信贷，“合作”，阿里巴巴）
与此同时，双汇集团对其高层管理团队也进行了大幅度调整，新设了食品安全、市场信息和公共关系的副总职位，而即将复产的济源双汇也是全新团队。	（双汇集团，“拥有”，济源双汇）
<N>月<N>日，由中国人民银行、新华通讯社主办，蚂蚁金服协办，银科投资控股有限公司全程支持的第四届世界互联网大会“互联网与金融论坛”在乌镇举行，	（中国人民银行，“合作”，银科投资控股有限公司），（银科投资控股有限公司，“合作”，中国人民银行）
但在<N>月<N>日，市场传出湖南华菱集团也通过旗下子公司湘钢递交了受让申请，成为辽宁方大集团的竞争者之一。	（湖南华菱集团，“拥有”，湘钢）
本次交易后，广州日报将直接及间接持有粤传媒<N>.<N>%的股份，社会公众股股东持股比例将下降为<N>.<N>%。	（广州日报，“拥有”，粤传媒）
收购完成后，华光股份将持有工程公司<N>%股权，<N>年工程公司实现净利润<N>万。	（华光股份，“拥有”，工程公司）
锐迪科与展讯和紫光集团一起，将在新的高度上开始新的创业。	（锐迪科，“合作”，展讯），（展讯，“合作”，锐迪科）
而面对前往公司调研的机构和分析师，中国太保高管表示，<N>年太保寿险产品结构将以传统型以及分红型产品为主。	（中国太保，“拥有”，太保寿险）
雪松控股结盟浦发银行 携手重构产业价值	（雪松控股，“合作”，浦发银行），（浦发银行，“合作”，雪松控股）
行业的全资子公司，早在<N>年，融科智地的前身--联想工业实业有限公司就在广东惠阳进行联想科技园大亚湾园区的开发建设，为融科后续的发展奠定了坚实基础。	（联想科技园大亚湾园区，“合作”，融科），（融科，“合作”，联想科技园大亚湾园区）
今日，经济参考报首席记者王文志再次在微博实名举报华润集团董事长宋林曾批示华润煤业做审计署太原特派办工作，以消除隐患。	（华润集团，“拥有”，华润煤业）
星巴克官方外卖来了合作方可能是百度。	（星巴克，“合作”，百度），（百度，“合作”，星巴克）
移动互联网时代，苹果与安卓操作系统一统智能手机江湖;而华为、小米等一众手机制造厂商通过与谷歌安卓系统的合作而上位，	（华为，“合作”，谷歌），（谷歌，“合作”，华为）
此外，一位知情人士表示，中国人保将与中诚信托研究探讨建立产品联合开发机制，	（中国人保，“合作”，中诚信托），（中诚信托，“合作”，中国人保）
泰尔重工不断拓展新的投资领域，日前联合中国一重、马钢股份与马鞍市政府签约高端装备制造基地项目，进军高端装备制造业，项目总投资达<N>亿元。	（泰尔重工，“合作”，中国一重），（中国一重，“合作”，泰尔重工）
另外，作为各自领域国际化发展的代表企业，海尔还将加强与苏宁在日本东京和香港地区的合作，加强当地产品、消费市场研究，扩展双方合作区域。	（海尔，“合作”，苏宁），（苏宁，“合作”，海尔）
此外，山钢集团旗下资产中，金岭矿业是以铁矿石为主营业务的公司，效益尚可。	（山钢集团，“拥有”，金岭矿业）
飞贷的产品创新及风控模式也得到了业内的肯定，在每日经济新闻举办的“<N> 第七届金鼎奖”评选中，飞贷获得“卓越风控能力奖”。	（飞贷，“合作”，每日经济新闻），（每日经济新闻，“合作”，飞贷）
在加多宝和广药合作期间，加多宝利用自己设计的红色罐装的包装装潢，	（广药，“合作”，加多宝），（加多宝，“合作”，广药）
据知情人士透露，AIG已委托摩根士丹利和德国银行AG作为友邦保险进行公开上市的全球协调人。	（AIG，“合作”，摩根士丹利），（摩根士丹利，“合作”，AIG）
据了解，除康普瑞丁磷酸二钠项目合作外，西南合成还和方正医药研究院共同与韩国SK集团研发精神神经类全球首创药物SKL-PSY。	（西南合成，“合作”，韩国SK集团），（韩国SK集团，“合作”，西南合成）
目前，陈晓军还兼任泸天化控股的九禾股份有限公司董事长一职。	（泸天化，“拥有”，九禾股份有限公司）
PAL合作伙伴北汽集团下属单位、北京通航的总经理凌庄怀先生表示此次中标彰显了北通航选择与PAL合资合作的原因。	（北汽集团，“拥有”，北通航）
在银杏叶风波以前，华纳大主要是对外采购银杏叶提取物原料，正是其中一次与桂林兴达的合作将公司卷入银杏叶违规提取的质量旋涡中。	（华纳，“合作”，桂林兴达），（桂林兴达，“合作”，华纳）
上海医药牵手复旦张江。	（上海医药，“合作”，复旦张江），（复旦张江，“合作”，上海医药）
在收购黑石之外，万科与黑石早前已有所合作。	（黑石，“合作”，万科），（万科，“合作”，黑石）
此前的<N>月，中色集团旗下上市公司中色股份以每股<N>.<N>澳元的价格认购了澳大利亚铅锌公司Terramin公司定向配售的<N>万股普通股，	（中色集团，“拥有”，中色股份）
带一路”战略和美丽中国战略实施，《中国企业报》集团初步联合了中国力源控股有限公司、中国石油投资集团公司、中国人寿电子商务有限公司等<N>家企业及相关组织，	（中国力源控股有限公司，“合作”，中国石油投资集团公司），（中国石油投资集团公司，“合作”，中国力源控股有限公司）
荣信股份此次承制的光伏逆变器应用于尚德能源<N>.<N>MWp光伏电站，	（荣信股份，“合作”，尚德能源），（尚德能源，“合作”，荣信股份）
磁共振成像设备领域，西门子基于中国市场的研究而推出更适合亚洲人体型、更节约成本的<N>.<N>T磁共振系统MAGNETOMESSENZA磁共振成像仪也大获成功，	（西门子，“拥有”，MAGNETOMESSENZA）
*ST辽中方面表示，<N>年上半年期末，由于公司的资产重组尚未完成，因此公司的利润全部来自于下属孙公司沈阳超力钢筋有限公司的销售利润，	（辽中，“拥有”，沈阳超力钢筋有限公司）
<N>年<N>月，中海油下属中海油国际有限公司斥资<N>亿美元，	（中海油，“拥有”，中海油国际有限公司）
酒仙网先后与天猫、京东商城等电商平台建立了深度合作关系，在这些平台上开设了酒仙网官方旗舰店。	（酒仙网，“合作”，天猫），（天猫，“合作”，酒仙网）
根据公告，友谊股份成为双方合并后的存续公司，成为百联集团旗下惟一经营百货和商超板块的平台。	（百联集团，“拥有”，友谊股份）
值得注意的是，之前中创水务控股子公司邳州中创也曾因排放污水超标被罚。	（中创水务，“拥有”，邳州中创）
太极集团及控股股东太极集团有限公司在重庆联合产权交易所以<N>万元的价格，挂牌转让重庆市兆和实业有限公司<N>%股权及<N>.<N>万元债权。	（太极集团有限公司，“拥有”，太极集团）
沃尔玛电商<N>号店与沃尔玛超市协同不足，自然限制沃尔玛整体发展。	（<N>号店，“合作”，沃尔玛超市），（沃尔玛超市，“合作”，<N>号店），（沃尔玛，“拥有”，<N>号店）
昨日，中核集团旗下中国原子能工业有限公司的一位员工在接受《每日经济新闻》采访时说道。	（中核集团，“拥有”，中国原子能工业有限公司）
轮白热化争夺后，随着1<N>740元/平方米的天价住宅用地楼面价竞拍成交，昔日“地王”滨江庆丰地块以约<N>.<N>亿元总价被雅戈尔全资子公司雅戈尔置业成功竞得，	（雅戈尔，“拥有”，雅戈尔置业）
但记者从马鞍山市发改委获得的权威文件显示，中钢天源科技产业园项目的项目法人单位就是中钢天源。。	（中钢天源，“拥有”，中钢天源科技产业园）
起诉书披露，广海公司于<N>年<N>月设立，由广发行全资控股的广东广控集团有限公司与深圳市海龙王房地产开发有限公司（下称“海龙王”）合作设立，	（广东广控集团有限公司，“合作”，海龙王），（海龙王，“合作”，广东广控集团有限公司）
青岛啤酒托管杭州西湖啤酒<N>%股权	（青岛啤酒，“合作”，杭州西湖啤酒），（杭州西湖啤酒，“合作”，青岛啤酒）
后在时任卡斯特亚洲区总裁陈光的联系下，卡斯特和张裕联姻。	（卡斯特，“合作”，张裕），（张裕，“合作”，卡斯特）
除直接经营海南航空运输市场外，海航股份还持有新华航空<N>%股权、长安航空<N>%的股权和山西航空<N>%的股权。	（海航股份，“拥有”，新华航空）
大秀服饰将于今年秋季在唯品会独家上线，最低只要<N>元的“呆萌价格”就可拥有从T台到衣柜的“傲娇”时装周潮服。	（大秀服饰，“合作”，唯品会），（唯品会，“合作”，大秀服饰）
今年，“绿色地球”在对外合作上拓出一条新路，同优步联手开展“纸造森林?全球大回收”计划，携手京东对快递纸箱再利用，均获得了极高的参与度。	（绿色地球，“合作”，优步），（优步，“合作”，绿色地球）
千金药业公告资料显示，谢超现任千金药业董事，九芝堂董事，涌金集团执行总裁。	（千金药业，“拥有”，千金药业）
日前，苏宁电器正式对外宣称，<N>年空调旺季期间，苏宁的空调售后服务能力将达到日最高配送量<N>万台/套、日维修能力<N>万台。	（苏宁，“拥有”，苏宁电器）
自此，汇丽B股成为中远系上市公司的新成员。	（汇丽B，“合作”，中远），（中远，“合作”，汇丽B）
资料显示，ST梅雁的实际控制人是其董事长、总经理杨钦欢，杨钦欢持有梅雁实业<N>.<N>%股权，从而控制着ST梅雁。	（梅雁实业，“拥有”，梅雁）
金民豪表示，过去一年迪士尼通过加强与内地和香港旅行社的合作，推广迪士尼业务，带动很多新的游客光顾香港迪士尼。	（迪士尼，“合作”，香港旅行社），（香港旅行社，“合作”，迪士尼）
<N>日，海航旗下的上市公司海南航空发布的一纸公告，涉及与集团内部的资产整合。	（海航，“拥有”，海南航空）
莫跃明在主导收购湖北新航线的时候就已经提出了万达旅业未来的框架:未来会在北京、网络完善的优秀旅行社，与万达全国各个文化旅游项目、酒店等充分合作，	（万达，“拥有”，万达旅业）
受<N>年佳丽宝产品白斑事件影响，花王集团<N>年上半年财报显示，其美容产品销售业绩同比增幅仅为<N>.<N>%，化妆品部在日本本土市场仅有<N>.<N>%的增幅。	（花王集团，“拥有”，佳丽宝）
浦发银行董事长吉晓辉与中移动董事长王建宙分在同一个只有<N>余人的政协小组——经济<N>，分配的房间号更是紧紧连在一起，这引起媒体的诸多猜测。	（浦发银行，“合作”，中移动），（中移动，“合作”，浦发银行）
根据上广电旗下上市公司——广电信息和广电电子<N>年业绩预亏公告的解释，	（上广电，“拥有”，广电电子）
上海汽车方面表示，促成利润增长主要体现在上汽通用五菱和乘用车公司毛利率的提升以及总成本的降低。	（上海汽车，“拥有”，上汽通用五菱）
全景网<N>月<N>日讯辰州矿业周五晚间公告称，公司将所持湖南省三润纳米材料产业有限公司<N>%股权，	（辰州矿业，“拥有”，湖南省三润纳米材料产业有限公司）
在新组成的国货航里，国航持有<N>%的股权，国泰航空持有<N>%的股权及<N>%的经济权益。	（国航，“拥有”，国货航）
在此背景下，加多宝公司开始推出自有品牌“加多宝”凉茶。	（加多宝公司，“拥有”，加多宝）
大润发和欧尚合营的高鑫零售已经通过港交所聆讯，即将登陆H股。	（大润发，“拥有”，高鑫零售）
公开信息显示，<N>日，中金公司上海淮海中路营业部卖出<N>.<N>万股长江电力股票，成交价格为<N>.<N>元，成交额为<N>.<N>亿元。	（中金公司，“拥有”，上海淮海中路营业部）
路透社援引知情人士的话称，过去两个月，SEC向至少五家电影片商发送了问询信件，包括新闻集团旗下的<N>世纪福克斯、梦工厂等。	（新闻集团，“拥有”，福克斯）
<N>月<N>日，锡业股份发布公告，公司控股股东云南锡业集团一致行动人云南锡业集团有限责任公司于<N>月<N>日增持公司股份<N>，	（云南锡业集团有限责任公司，“拥有”，锡业股份）
根据中国黄金集团<N>年的重点工作安排，中金国际今年将重点在政治稳定、风险可控的地区取得突破，快速开展海外资源占有和开发利用。	（中国黄金集团，“拥有”，中金国际）
南方报业还分别与保利文化、资本运作等领域开展战略合作。	（南方报业，“合作”，保利文化），（保利文化，“合作”，南方报业）
今年<N>月<N>日，S佳通因控股股东佳通中国筹划股权分置改革停牌。	（佳通中国，“拥有”，S佳通）
根据这份契约，华润集团承诺，将不会从事与华润励致在中国燃气行业未来构成直接或间接竞争，甚至有可能引起竞争的任何业务。	（华润集团，“合作”，华润励致），（华润励致，“合作”，华润集团）
除人员调整频繁外，乐视体育的版权危机也受到广泛关注，去年乐视在<N>年资源推介会上，曾将中超、CBA定位为公司的五大核心IP。	（乐视体育，“合作”，CBA），（CBA，“合作”，乐视体育）
<N>月<N>日，中海油旗下中海石油气电集团还与法国苏伊士环能公司签署了<N>万吨液化天然气的购买协议。	（中海油，“拥有”，中海石油气电集团）
金杰解释，乐视网与海信的合作分为三步实施:战略发布期、成品产量上市期。	（乐视网，“合作”，海信），（海信，“合作”，乐视网）
<N>月<N>日，已经停牌超过一个月的中国平安，公布了今年<N>-<N>月的保费数据，在三大保险巨头中，平安寿险录得的<N>亿元原始保费收入，	（中国平安，“拥有”，平安寿险）
不到一年，岳阳纸业控股股东泰格林纸重组方就由一家央企换成了另一家央企。	（泰格林纸，“拥有”，岳阳纸业）
目前，中行黑龙江、内蒙古分行均已开展边贸本币结算。	（中行，“拥有”，内蒙古分行）
樊恺郁也认为，杉杉股份与日本伊藤忠商事株式会社跨国联姻，锂电池材料方面的合作是重中之重，公司有大力拓展国际市场的意愿，再融资意愿很强。	（杉杉股份，“合作”，日本伊藤忠商事株式会社），（日本伊藤忠商事株式会社，“合作”，杉杉股份）
资料显示，目前汇源集团已在全国范围内建设了<N>多个经营实体，连接起<N>多万亩优质果、汇源果业、汇源金融等产业相互促进、共同发展的新格局。	（汇源，“拥有”，汇源果业）
安信证券与招商银行推动新业务领域合作	（安信证券，“合作”，招商银行），（招商银行，“合作”，安信证券）
同时，当初由国美电器出资<N>万元创建并全资拥有、负责经营国美电器网上商城的新锐美，其<N>%股权也一起转至国美锐动。	（国美，“拥有”，国美电器）
<N>年上半年统计数据中，青岛海尔、海尔集团和海尔特种冰柜三家企业的销售收入达到<N>.<N>亿元，而美的集团旗下的美的、小天鹅的销售收入则只有<N>.<N>亿元。	（美的集团，“拥有”，美的）
目前，中粮集团旗下拥有龙虎尊老古坊等<N>个三四线小品牌。	（中粮集团，“拥有”，龙虎尊老古坊）
目前，派丽集团中国总部管辖其旗下两家子公司，它们分别为:德高建材有限公司及铃鹿复合建材有限公司。	（派丽集团，“拥有”，德高建材有限公司）
南岭民爆公告确认控股子公司——湖南南岭民爆工程有限公司通过公开招标方式承揽上述高架桥拆除，并于<N>日对高架桥<N>号、<N>号桥墩实施试爆。	（南岭民爆，“拥有”，湖南南岭民爆工程有限公司）
但中粮也面临着两难，一方面要保持蒙牛现在团队在营销和市场拓展上的优势，另一方面要使企业管理特别是食品安全管理与中粮实现有效融合。	（中粮，“合作”，蒙牛），（蒙牛，“合作”，中粮）
今年<N>月，中国宝安披露旗下子公司贝特瑞“在原有石墨技术的基础上，开始了石墨烯的研发和产业化攻关。	（中国宝安，“拥有”，贝特瑞）
厦门港务集团一家子公司副总则透露，根据现有格局，厦门港务<N>年之前的净利润，基本没有增长空间，而且主营业务短期内并无调整打算。	（厦门港务集团，“拥有”，厦门港务）
这次《功夫熊猫<N>》破例，应该是因为有中影、东方梦工厂两家中国公司参与的原因。	（中影，“合作”，东方梦工厂），（东方梦工厂，“合作”，中影）
在此之前，铁总与阿里巴巴在物流方面已有合作先例。	（铁总，“合作”，阿里巴巴），（阿里巴巴，“合作”，铁总）
总部位于美国的美中互利通过和睦家医疗集团在中国提供医疗服务。	（美中互利，“合作”，和睦家医疗集团），（和睦家医疗集团，“合作”，美中互利）
北京汽车工业控股有限公司总经理汪大总近日在接受路透专访时称，北汽正与投资银行接触，将于两个月内宣布对乘用车资产的重组计划，并将赴上海或香港上市。	（北京汽车工业控股有限公司，“拥有”，北汽）
孙为民还透露了苏宁在香港未来<N>年的发展战略:苏宁电器计划<N>年内在香港新开<N>家店面，	（苏宁，“拥有”，苏宁电器）
<N>年<N>月，重庆沃尔玛超市<N>家分店被曝“以低价普通冷鲜肉，假冒高价绿色食品”，沃尔玛被迫为此致歉;	（沃尔玛，“拥有”，重庆沃尔玛）
谈及合作初衷，四川剑南春有限责任公司董事长、总经理乔天明表示更为看重中石油四川销售公司的营销网络，并透露近期剑南春旗下酒类产品将上架。	（四川剑南春有限责任公司，“拥有”，剑南春）
国泰君安金融控股有限公司是国泰君安证券股份有限公司经中国证监会批准在香港成立的全资子公司，公司的业务范围包括经纪业务、期货买卖和证券投资顾问等。	（国泰君安证券股份有限公司，“拥有”，国泰君安金融控股有限公司）
三一重工与普茨迈斯特的合作堪称“闪婚”。	（三一重工，“合作”，普茨迈斯特），（普茨迈斯特，“合作”，三一重工）
化高利贷风波”的企业不止四川石化建设投资有限公司一家，还包括四川中石化旗下的四川石化西南地产有限公司、成都金点子佳信咨询有限公司和四川长盛投资有限公司。	（四川中石化，“拥有”，成都金点子佳信咨询有限公司）
义乌市国有资产经营有限责任公司成立于<N>年<N>月，目前下属<N>家全资子公司，包括义乌市财务开发公司、义乌市粮食收储有限公司。。	（义乌市国有资产经营有限责任公司，“拥有”，义乌市粮食收储有限公司）
永泰能源股份有限公司（永泰能源，60015<N>）<N>月<N>日晚间公告称，所属贵州永泰能源页岩气开发有限公司页岩气项目取得重大进展，	（贵州永泰能源页岩气开发有限公司，“拥有”，永泰能源）
<N>月<N>日，旗下拥有大润发和欧尚两大品牌的高鑫零售公布了截至<N>年1<N>月末的经营状况。	（高鑫零售，“拥有”，大润发）
警方提到的北京博思智奇公关顾问有限公司，在它的官网中，称自己为蒙牛乳业的“智库”，	（北京博思智奇公关顾问有限公司，“合作”，蒙牛乳业），（蒙牛乳业，“合作”，北京博思智奇公关顾问有限公司）
东方航空同时表示，本次股权转让交易完成后，中联航成为本公司的全资子公司，更有利于本公司对中联航进行管理及内部整合。	（东方航空，“拥有”，中联航）
去年<N>月，国内农业第一蓝筹股北大荒向母公司转让了旗下北大荒米业<N>.<N>%股权，于是才实现扭亏并摘除ST帽子。	（北大荒米业，“拥有”，北大荒）
<N>年<N>月<N>日上市的同花顺目前旗下还有杭州同花顺数据开发有限公司、杭州核新软件技术有限公司和核新金融信息服务公司六家子公司。	（同花顺，“拥有”，杭州同花顺数据开发有限公司）
《国际金融报》就此联系明治乳业贸易有限公司，相关人士告诉记者，由于目前中国市场上暂不销售明治酸奶产品，并不涉及此次回收。	（明治乳业贸易有限公司，“拥有”，明治）
据悉，深圳海油人力资源服务有限公司隶属于中海油能源发展股份有限公司人力资源服务分公司，	（中海油能源发展股份有限公司，“拥有”，深圳海油人力资源服务有限公司）
下的广西华泰机器有限公司是广西玉柴、江淮叉车厂的配套供应商;旗下的另一家公司柳州市汽车齿轮总厂，是东风柳州汽车有限公司、上汽通用五菱主机厂配套供货厂商。	（江淮叉车厂，“合作”，上汽通用五菱主机厂），（上汽通用五菱主机厂，“合作”，江淮叉车厂）
而本公司控股股东福建省冶金有限责任公司为厦门三虹的实际控制人。	（福建省冶金有限责任公司，“拥有”，厦门三虹）
昨日，百视通与华谊兄弟签署战略合作协议，双方将联手进行精品影视内容的版权合作和联合运营，这被认为是影视内容渠道和内容方传统买卖关系突破的重要一步。	（百视通，“合作”，华谊兄弟），（华谊兄弟，“合作”，百视通）
“伊利携手美国DFA是对竞争对手蒙牛的一次回击”。	（伊利，“合作”，DFA），（DFA，“合作”，伊利）
在锦联新经济产业园办公，安途生的员工赞不绝口:“不仅环境好，有休闲运动场，还有正在筹备中的健身中心、餐厅……”	（锦联新经济产业园，“合作”，安途生），（安途生，“合作”，锦联新经济产业园）
依据此前双方所商定的定价方案，百思买将不迟于<N>年<N>月<N>日支付约<N>.<N>亿美元现金，正式获得五星电器<N>%股份。	（百思买，“拥有”，五星电器）
三星的借壳初步方案中，重组方为总资产高达<N>亿元、净资产<N>亿元的曲江文投，但是在这一次重组中，借壳方却变成了曲江文投下属的子公司曲江文旅，这是为何?	（曲江文投，“拥有”，曲江文旅）
广药集团除了向银基集团收品牌费之外，还会对合资公司的盈亏负责，参与业绩的分成当中。	（广药集团，“合作”，银基集团），（银基集团，“合作”，广药集团）
全球服务部在中国的第三家分公司，这足以证明，IBM对中国的中西部发展重视，而入股长虹，长虹的案例和长虹的资源也将成为IBM咨询业务在中西部发展的助推器。	（长虹，“合作”，IBM），（IBM，“合作”，长虹）
真功夫集团是内地大型餐饮连锁集团公司，拥有广州真功夫公司、上海真功夫公司等<N>家全额投资子公司。	（真功夫集团，“拥有”，广州真功夫公司）
江苏联鑫是国内先进的印刷线路板用基材生产企业之一，每年有将近<N>吨的铜箔使用量，与中科英华铜箔产业是上下游关系。	（江苏联鑫，“合作”，中科英华），（中科英华，“合作”，江苏联鑫）
目前美的集团已拥有美的电器、威灵控股三家上市公司，计划在三年内使上市公司的数量达到<N>家。	（美的集团，“拥有”，美的电器）
从<N>年开始，安利公司承诺，只要小罗在比赛中踢进一个球，安利纽崔莱就会捐赠<N>万美元用于当地儿童公益事业。	（安利公司，“拥有”，安利纽崔莱）
事实上，创兴置业从控股神龙矿业以来，至今也没有任何收益。	（创兴置业，“拥有”，神龙矿业）
当天在武汉举行的座谈会上，葛洲坝集团与武钢集团现场与中国工商银行举行了全球现金管理签约仪式，正式应用中非跨境现金管理平台。	（葛洲坝集团，“合作”，中国工商银行），（中国工商银行，“合作”，葛洲坝集团）
在国家核电和西屋于<N>月份主办的“<N>年AP/CAP核电合格供应商年会”上，	（国家核电，“合作”，西屋），（西屋，“合作”，国家核电）
此外联通还有望分享西班牙电信的投资收益。	（联通，“合作”，西班牙电信），（西班牙电信，“合作”，联通）
目前，上实控股已经成为上实集团房地产业务发展的旗舰平台，旗下房地产项目遍布全国，土地储备近<N>万平方米。	（上实集团，“拥有”，上实控股）
交易后，芒果传媒对快乐购的持股比例将上升至<N>.<N>%。	（芒果传媒，“拥有”，快乐购）
华立科泰为华立药业控股子公司，公司持股比例为<N>.<N>%。	（华立药业，“拥有”，华立科泰）
<N>年<N>月，秦原纺织与陕西裕塬房产进行合作开发的房地产项目机构——陕西裕塬房产第四分公司正式成立，	（秦原纺织，“合作”，陕西裕塬房产），（陕西裕塬房产，“合作”，秦原纺织）
青岛啤酒控股股东青岛啤酒集团有限公司于<N>月<N>日通过上证所证券交易系统增持公司股份187<N><N>50股，增持后持有公司股份4016<N><N><N>50股。	（青岛啤酒集团有限公司，“拥有”，青岛啤酒）
知情人士称，曲江投资可能注入上市公司的，或许是曲江文化旅游集团和曲江其他储有土地的子公司。	（曲江投资，“拥有”，曲江文化旅游集团）
事实上，中冶集团与中林集团的合作自<N>年下半年就开始了。	（中冶集团，“合作”，中林集团），（中林集团，“合作”，中冶集团）
复星集团进一步表示，上海复星高科技有限公司为复星国际之全资子公司，本次变动不涉及复星国际层面。	（复星国际，“拥有”，上海复星高科技有限公司）
中航下属昌河哈飞等汽车项目并入长安汽车集团。	（长安汽车集团，“拥有”，昌河哈飞）
神州租车与神州优车是关联公司，后者刚刚在新三板挂牌。	（神州租车，“合作”，神州优车），（神州优车，“合作”，神州租车）
中铝方面在发布的新闻稿中称，公司以实现对江钨集团的控股为标志，与江西省“拉开了全方位深度合作的帷幕”。	（中铝，“拥有”，江钨集团）
国美想要切的不仅仅是汽车销售领域的蛋糕，官方新闻稿显示，国美互联网汽车的业务体系，将涵盖整车销售、维修保养等全汽车产业链。	（国美，“拥有”，国美互联网汽车）
比例有限，但是华润金融被寄予重望，按规划至<N>年管理资产规模、营业额与经营利润的年复合增长率将有超常规的突破，金融资产或将占华润总资产的<N>%以上。	（华润，“拥有”，华润金融）
市场的拼杀完全不是广告画面锏奈萝袄寺?<N>年有不下<N>家企业跟进做这类产品，特别是广东喜之郎集团更是来势汹汹，旗下优乐美奶茶很快占领了行业老二的位置，	（广东喜之郎集团，“拥有”，优乐美奶茶）
<N>年<N>月<N>日和<N>月<N>日，光耀集团子公司珠海中融曾先后为新都酒店<N><N>万元和<N>万元的借款提供担保。	（光耀集团，“拥有”，珠海中融）
记者从中国南车人士处获悉，近日，其下属的株洲南车时代电气股份有限公司并购加拿大多伦多创业板上市公司DynexPower一案已完成全部交割手续。	（中国南车，“拥有”，株洲南车时代电气股份有限公司）
国航与国泰合资货运公司将投运	（国航，“合作”，国泰合资货运公司），（国泰合资货运公司，“合作”，国航）
上汽重组引发市场猜想或受让“金”股控盘上海通用。	（上汽，“拥有”，上海通用）
有知情人士向记者表示，连志军最早于去年底已提出离职意向，离职后，顺丰优选业务暂由顺丰商业事业群高层直接负责。	（顺丰，“合作”，顺丰商业），（顺丰商业，“合作”，顺丰）
福田汽车今天刊登公告说，公司董事会通过了《关于中重卡升级换代产品项目和南海中重卡工厂项目技术改造计划》和《关于全新皮卡和中型SUV项目产品开发计划》。	（福田汽车，“拥有”，南海中重卡）
五矿稀土是五矿集团最核心的稀土生产和经营平台。	（五矿集团，“拥有”，五矿稀土）
广西国盾成功引援 中电鑫龙<N>亿合同有望还魂?	（广西国盾，“合作”，中电鑫龙），（中电鑫龙，“合作”，广西国盾）
由于本次重组涉及资产繁多，交易结构复杂，经过大量的论证和演算，中国三峡总公司和长江电力通力协作，重组方案才“千呼万唤始出来”。	（中国三峡总公司，“合作”，长江电力），（长江电力，“合作”，中国三峡总公司）
<N>年以来，为进一步盘活现有资产，提高公司核心资产运营效率，*ST二重与控股股东中国二重协商处置相关资产。	（中国二重，“拥有”，二重）
中海油投<N>亿元开采南美石油中石化有意参与	（中海油，“合作”，中石化），（中石化，“合作”，中海油）
作为上海国资委下属的国有全资企业，华谊集团旗下拥有上海氯碱化工股份有限公司（氯碱化工:<N>，	（华谊集团，“拥有”，氯碱化工）
中国铁建<N>日公告，公司所属中国土木工程集团有限公司近日在海外获得价值<N>.<N>亿美元铁路工程合同。	（中国土木工程集团有限公司，“拥有”，中国铁建）
此前，淘宝贷款已经对北京区域内的所有淘宝、天猫卖家开放。	（淘宝贷款，“合作”，淘宝），（淘宝，“合作”，淘宝贷款）
经过增资后，江苏国星持有南一农集团<N>.<N>%股权。	（江苏国星，“拥有”，南一农集团）
此次春秋集团与日本BICCAMERA集团战略合作，双方已就BICCAMERA集团对春秋集团在日本的合资公司的注资事宜达成了共识。	（日本BICCAMERA集团，“合作”，春秋集团），（春秋集团，“合作”，日本BICCAMERA集团）
此外，<N>日农行与中国东方电气集团有限公司在北京签署银企合作协议。	（农行，“合作”，中国东方电气集团有限公司），（中国东方电气集团有限公司，“合作”，农行）
近日由e代驾发起、东来顺等全国百强餐饮企业参与的全国首个“拒绝酒驾联盟”正式成立。	（e，“合作”，东来顺），（东来顺，“合作”，e）
<N>月，君乐宝与湖南卫视达成深度合作，赞助代言人黄晓明参与的现象级真人秀节目《旋风孝子》，巩固开啡尔酸奶高端、健康的产品形象。	（君乐宝，“合作”，湖南卫视），（湖南卫视，“合作”，君乐宝）
虽然挂牌截止日为<N>月<N>日，但已时过半月，围绕长力股份大股东南昌钢铁<N>.7<N>%国有股股权的争夺战仍未最后定槌。	（南昌钢铁，“拥有”，长力股份）
未来深圳地铁将全方面与万科合作，打造轨道物业的标杆。	（深圳地铁，“合作”，万科），（万科，“合作”，深圳地铁）
恒大矿泉水集团董事长潘永卓当场揭盅，宣布恒大将在近三年投入<N>亿元投资矿泉水，首批投产年产<N>万吨及<N>万吨的两座水厂，远期规划年产将达千万吨。	（恒大，“拥有”，恒大矿泉水集团）
电器卖场在安德利的<N>层，而空调展厅从<N>年的显眼位置被商场重新规划到了楼层的一角，格力空调和美的空调展厅位置呈“L”型相邻。	（安德利，“合作”，格力空调），（格力空调，“合作”，安德利）
对于力拓股东出面力挺必和必拓参与竞购，肖亚庆则回应道:“我们不会再去竞价了，我们此前的出价最为合理”。	（力拓，“合作”，必和必拓），（必和必拓，“合作”，力拓）
据公司<N>年<N>月<N>日发布的公告，禾嘉集团承诺，将敦促广州贸易公司首先变卖公司资产偿还债务，若禾嘉股份因担保承担了担保责任而造成损失，	（禾嘉集团，“合作”，禾嘉股份），（禾嘉股份，“合作”，禾嘉集团）
这一转让完成后，泛海控股将通过子公司持有民安保险<N>%的股份。	（泛海控股，“拥有”，民安保险）
实际上，从<N>年“亚冠”决赛上以恒大足球队队服胸前恒大冰泉广告初次问世，	（恒大，“拥有”，恒大冰泉广告）
<N>月<N>日晚，王老吉药业官方网站发布“关于王老吉凉茶原材料使用情况提示”，	（王老吉药业，“拥有”，王老吉）
在收购女儿红后，古越龙山累计原酒储备量将由原来的<N>万吨增加到<N>万吨以上;	（古越龙山，“拥有”，女儿红）
同为国企的华润集团也没有整体上市，但旗下的华润创业、华润置地和华润电力都是香港的蓝筹股。	（华润集团，“拥有”，华润创业）
本报记者独家获悉，这次TCL多媒体的组织架构调整主要集中在总部层面，除了保留原有的四大业务中心、乐华和家庭网络两大事业部外，	（TCL，“拥有”，乐华）
完成收购后的“黄金<N>天”里，长电科技大刀阔斧地对星科金朋进行调整。	（长电科技，“拥有”，星科金朋）
三安光电今日公告称，全资子公司安徽三安光电有限公司收到安徽省芜湖市人民政府给予的补贴款<N>万元。	（三安光电，“拥有”，安徽三安光电有限公司）
比如海工领域，振华对标的对象是三星重工，质量与工艺的对标企业是GE。。	（振华，“合作”，GE），（GE，“合作”，振华）
实际上，中信证券股份有限公司北京总部证券营业部，一直为中国证券金融股份有限公司（下称“证金公司”）四大“御用营业部”之一。	（证金公司，“拥有”，中信证券股份有限公司）
去年<N>月，上药集团旗下上海医药通过吸收合并、发行股份购买资产的方式，	（上药集团，“拥有”，上海医药）
据了解，银联总裁许罗德近日在与光大银行合作协议签订会上表示，目前移动支付标准已经基本确定为银联标准，这是银联标准首次得到官方证实。	（银联，“合作”，光大银行），（光大银行，“合作”，银联）
此外，电力公司下属资产为国投公司核心电力资产，	（电力公司，“拥有”，国投公司）
201<N>年<N>月，阿里相关金融业务整合，阿里小贷进入小微金融服务集团。	（阿里，“拥有”，阿里小贷）
蒋向阳是三一重工副总经理、三一驻德国普茨迈斯特的首席联络官。	（三一重工，“合作”，德国普茨迈斯特），（德国普茨迈斯特，“合作”，三一重工）
<N>月<N>日，同洲电子宣布与韩国现代合作，	（同洲电子，“合作”，韩国现代），（韩国现代，“合作”，同洲电子）
按协议，锦江国际餐投将借助百联电商的商品采购体系，获取质优价廉的相关品类商品，降低采购成本，百联电商将借此加速线上线下业务的整合。	（锦江国际餐投，“合作”，百联电商），（百联电商，“合作”，锦江国际餐投）
四环生物<N>月<N>日公告称，因业务发展需求，控股股东江阴市振新毛纺织厂拟自<N>年<N>月<N>日起减持四环生物股票，	（江阴市振新毛纺织厂，“拥有”，四环生物）
小企业在阿里巴巴、淘宝店主在淘宝网上经营的信用记录，发生交易的状况，投诉纠纷情况等信息都将在评估系统中通过云计算分析，最终作为贷款的评价标准。	（阿里巴巴，“拥有”，淘宝）
商报讯最近，国航、南航与支付宝合作，推出手机购票即时支付服务。	（南航，“合作”，支付宝），（支付宝，“合作”，南航）
今年<N>月，在商业集团将原在银座商城旗下的淄博银座<N>家门店注入上市公司之后，商业集团进一步承诺了未来零售业务的发展规划将以银座股份为主导，	（银座股份，“拥有”，淄博银座）
资料显示，瑞元基金是瑞元资本管理有限公司下设全资股权投资平台，主要从事股权投资、创业投资等业务。	（瑞元资本管理有限公司，“拥有”，瑞元基金）
当时，中化集团旗下首家上市公司中化国际与扬农集团签署了三方战略合作协议及项目合作协议。	（中化集团，“拥有”，中化国际）
高集群表示，除在独立区域开发新市场外，对于核心区域的周边城市，国美也将开设二级分公司，如东莞永乐、中山永乐等。	（国美，“拥有”，中山永乐）
“牛郎”色诱招标公司中石化国际事业公司的一位女处长，在投资<N>亿元的中石化武汉乙烯项目中进行暗箱操作，在评标过程中让安捷伦非法降价<N>万美元低价中标，	（中石化，“合作”，安捷伦），（安捷伦，“合作”，中石化）
上述宝洁中国对外关系部负责人亦坦承，去年宝洁全球新招聘的岗位主要集中在制造类岗位方面，而此次裁员的则主要是营销和推广人员。	（宝洁，“拥有”，宝洁中国）
ST国中目前控股股东为国中水务有限公司，截至本发行预案披露日，	（国中水务有限公司，“拥有”，国中）
<N>月<N>日，汇金公司就曾宣布，将于近期发债募集资金1<N>75亿元，用于参与中国银行、出口信用保险公司两家政策性金融机构。	（汇金公司，“合作”，中国银行），（中国银行，“合作”，汇金公司）
查询发现，作为金地在西安操盘的最大体量项目，西沛公元从<N>年就开始投资建设，一期项目已历时<N>年。	（金地，“拥有”，西沛公元）
嘉瑞今日公告，与湖南湘晖资产经营股份有限公司、华数数字电视传媒集团有限公司签署了《湖南嘉瑞新材料集团股份有限公司与湖南湘晖资产经营股份有限公司与华数数字	（嘉瑞，“合作”，湖南湘晖资产经营股份有限公司），（湖南湘晖资产经营股份有限公司，“合作”，嘉瑞）
的大力支助，为清华、为国家的教育发展做出贡献”，同时他还提到，加多宝教育基金目前已成立基金董事会，其成员包括加多宝集团董事长陈鸿道先生、副秘书长宋军等，	（加多宝集团，“拥有”，加多宝教育基金）
中民投官网披露的信息显示，董文标的随行人员包括中民投投资委员会副主席彭亚超、中民国际董事秦剑等。	（中民投，“拥有”，中民投投资委员会）
闽东电力公告显示，为了扩大公司电力装机容量，拓展以风电为主的新能源业务，董事会同意控股子公司航天闽箭新能源投资股份有限公司以不高于<N>.<N>万元的价	（闽东电力，“拥有”，航天闽箭新能源投资股份有限公司）
TPG为李宁制定了四年计划，分三步骤施行，首要是清存货，帮助零售终端提升售出率。	（TPG，“合作”，李宁），（李宁，“合作”，TPG）
美邦服饰董事长兼总经理周成建周五表示，在准备充分的情况下，公司会考虑推出新的品牌，而今年推出的ME&amp;CITY品牌预计到今年年底会在全国开出<N>-	（美邦服饰，“拥有”，CITY）
工行与第三家战投安联集团也达成一致，安联集团所持工商银行H股将分别于<N>年<N>月<N>日和<N>年<N>月<N>日以同等数量分期解禁。	（工行，“合作”，安联集团），（安联集团，“合作”，工行）
中广核集团旗下已设有一家专门从事开发建设太阳能发电项目的公司中广核太阳能开发公司，而此次中广核工程公司对太阳能产业的挺进则无疑是中广核集团试图拓宽太阳能	（中广核集团，“拥有”，中广核太阳能开发公司）
<N>月<N>日，蚂蚁金服旗下支付宝联合芝麻信用、花呗与上海联空网络科技有限公司共同发布了信用就医，	（支付宝，“拥有”，上海联空网络科技有限公司），（支付宝，“合作”，上海联空网络科技有限公司），（上海联空网络科技有限公司，“合作”，支付宝）
<N>年<N>月<N>日，占*ST建通总资产五成左右的“北京铁通华夏电信有限公司”和“北京华夏通网络技术服务有限公司”即将被股东大会审议依法被解散;	（建通，“拥有”，北京铁通华夏电信有限公司）
他表示，与中国平安的合作，将为银行赢得更大的增长空间和获得更多的机会，期待深发展与平安的合作不只为银行带来资本，也能带来潜在的客户。	（中国平安，“合作”，深发展），（深发展，“合作”，中国平安）
酒鬼酒<N>度国藏酒鬼”DBP含量为<N>.<N>mg/L、DEHP含量为<N>.<N>mg/L;“<N>度酒鬼湘魂三星”DBP含量为<N>.<N>mg/L、DEHP含量为<N>.	（酒鬼酒，“拥有”，三星）
<N>月<N>日，安踏发布公告称，其主要股东安踏国际及关联的安达控股、安达投资透过摩根士丹利在市场上配售<N>万股股份，	（安达投资，“合作”，摩根士丹利），（摩根士丹利，“合作”，安达投资）
二则上工申贝将以全资子公司上海上工蝴蝶缝纫机有限公司约<N>%股权和相关资产向中捷股份全资子公司中屹机械工业有限公司增资，	（上工申贝，“拥有”，上海上工蝴蝶缝纫机有限公司）
除了北京联通，还有天津联通和河北联通，他们虽然不是一个客户，但他们的行动一致性还是比较高，也同受联通总公司控制。	（北京联通，“合作”，天津联通），（天津联通，“合作”，北京联通）
中海遭受了双重打击:联合信和刚高价投得的两块地价大幅贬值，	（中海，“合作”，信和），（信和，“合作”，中海）
中国长安以其持有的湖南天雁<N>%股权与轻骑全部资产和负债进行置换。	（中国长安，“拥有”，湖南天雁）
年里，京东商城、淘宝商城销量纷纷突破百亿，<N>月<N>日，苏宁电器公布<N>年业绩快报表示，公司将加快连锁网络布局，同时，今年内，苏宁易购实现销售额翻番，	（苏宁电器，“拥有”，苏宁易购）
此次政泉控股提供的材料显示，方正集团参与北大医药股份代持的事实已经非常清楚。	（方正集团，“合作”，北大医药股份），（北大医药股份，“合作”，方正集团）
而林文光所拥有的金锋集团系印尼第三大企业集团，将与中民投在发电厂等领域进行合作。	（金锋集团，“合作”，中民投），（中民投，“合作”，金锋集团）
此次北京查出的“中街大果”雪糕，是由沈阳中街冰点城食品有限公司委托北京凤翔大都食品有限责任公司生产的，	（沈阳中街冰点城食品有限公司，“合作”，北京凤翔大都食品有限责任公司），（北京凤翔大都食品有限责任公司，“合作”，沈阳中街冰点城食品有限公司）
近二十年的实践，华夏幸福凭借独特的模式、丰富的产业资源和深厚的运营经验，打造出了固安产业新城、大厂影视小镇等广受好评的明星项目，	（华夏幸福，“拥有”，固安产业新城）
上海医药及其大股东上药集团随即于<N>日召开紧急电话会议，	（上药集团，“拥有”，上海医药）
本报讯电广传媒今日公布对华丰达有线网络控股有限公司后续出资缴付的相关情况，并表示将适时启动对省外网络的整合。	（电广传媒，“拥有”，华丰达有线网络控股有限公司）
广新集团欧广董事长在仪式上表示，推动星湖科技打造生物医药、化工产业群，能够在全国成为一个龙头地位，是广新集团进入的目的。	（广新集团，“合作”，星湖科技），（星湖科技，“合作”，广新集团）
对此，本报昨日致电中铝和五矿，但均未得到回复。	（中铝，“合作”，五矿），（五矿，“合作”，中铝）
事实上，洲际酒店集团不断在寻找新出路，自<N>年<N>月开启“特许经营”模式之后，日前又与港中旅共同开展特许经营洲际旗下部分高端酒店品牌及中端品牌。	（洲际酒店集团，“合作”，港中旅），（港中旅，“合作”，洲际酒店集团）
鼎盛时期的东星集团、兰世立旗下主要有两块资产:东星航空和东盛地产。	（东星集团，“拥有”，东星航空）
青岛产权交易所挂牌信息显示，海利尔药业集团股份有限公司将其持有的青岛凯源祥化工有限公司<N>.<N>%股权，以37<N>.<N>万元的价格挂牌转让。	（海利尔药业集团股份有限公司，“拥有”，青岛凯源祥化工有限公司）
公司表示，乌苏公司和塔城公司拥有的土地，基础设施较好，属于农作物种植地，而且公司在乌苏、机械化战略实施提供硬件保障。	（乌苏公司，“合作”，塔城公司），（塔城公司，“合作”，乌苏公司）
在协议获得政府有关监管部门批准后，双方将开始广泛而深入的合作，充分协调技术资源，统筹各方优势，支持和推动宝腾及路特斯汽车的转型。	（宝腾，“合作”，路特斯汽车），（路特斯汽车，“合作”，宝腾）
正处于重组停牌阶段的广药集团旗下的广州药业今日发布年报，	（广药集团，“拥有”，广州药业）
国华人寿纳入之后，天茂集团的业绩在今年也有了飞跃性的改善。	（天茂集团，“拥有”，国华人寿）
拉卡拉盈利能力持续增长，其共生发展的综合性金融服务平台业务领先优势，支付业务的稳健发展和金融业务的高速增长，为联想控股形成了持续增长的利润贡献;	（拉卡拉，“合作”，联想控股），（联想控股，“合作”，拉卡拉），（联想控股，“拥有”，拉卡拉）
先是优酷土豆合并引发行业大“地震”，然后又是搜狐视频、百度旗下的爱奇艺、腾讯视频出人意料地联手组建“视频内容合作组织”，现在又添了新搅局者迅雷看看。	（搜狐视频，“合作”，百度），（百度，“合作”，搜狐视频）
在<N>月底，真功夫已经开了<N>家店，现在已签铺即将开业的新店有<N>家，其中在五六月份进行筹建、<N>月份将开业的真功夫新店有1<N>家，	（真功夫，“拥有”，真功夫）
知情人士昨晚向上海证券报透露称，已伴随中国太保走过<N>个年头、有“保险业奇才”之誉的太保寿险总经理潘燊昌日前悄然请辞，	（中国太保，“拥有”，太保寿险）
京基集团董事长陈华在发布会上宣布，京基<N>招租率达到<N>%。	（京基集团，“拥有”，京基<N>）
这位负责人也预计，仅平安在交行推出的该款产品，	（平安，“合作”，交行），（交行，“合作”，平安）
浙江万马电气电缆集团是浙江万马集团下属核心子集团，专业生产电线电缆、高能量电池等产品，其中电力电缆和高分子材料系列产品市场占有率列国内前茅。	（浙江万马集团，“拥有”，浙江万马电气电缆集团）
媒体称，苹果将部分产品的代工制造从富士康转移到和硕集团，显示苹果与富士康一度牢不可破的关系出现裂缝。	（苹果，“合作”，富士康），（富士康，“合作”，苹果）
重庆港九拟采用资产置换及非公开发行股份相结合的方式，购买重庆港务物流集团及其全资子公司重庆市万州港口所属的主要港口航运资产及其相应负债。	（重庆港务物流集团，“拥有”，重庆市万州港口）
据披露，<N>年<N>月<N>日，海南省昌江黎族自治县工商行政管理局核准开创国际全资子公司昌江元昌实业有限公司股东变更登记事宜。	（开创国际，“拥有”，昌江元昌实业有限公司）
他还称，中国中冶接手*ST锌业后，还给公司买了西藏的一个矿山。	（中国中冶，“拥有”，锌业）
陈柄霖对本报记者说，百胜并购小肥羊后，面临的最大问题就是中西文化之间的巨大差异，虽然百胜把必胜客、肯德基做得很成功，	（百胜，“拥有”，必胜客）
深港通顺利通车首日，平安证券客户交易活跃，交易开始后半小时内成交笔数达<N>余笔，成交量<N>万以上，截止<N>月<N>日上午深港通交易额达1<N>万。	（深港通，“合作”，平安证券），（平安证券，“合作”，深港通）
中国风电公告，公司的间接全资附属公司——协和风电投资有限公司与内蒙古锡林郭勒白音华煤电有限责任公司签署协议，	（中国风电，“拥有”，协和风电投资有限公司）
恒大地产集团及其旗下九家公司，包括广州市昱博投资有限公司、广州市欣盛投资有限公司、<N>年<N>月<N>日至<N>月<N>日之间通过深圳证券交易所集中竞价交易系	（恒大地产集团，“拥有”，广州市欣盛投资有限公司）
<N>月<N>日，四川医药大佬科创控股集团与亚洲金融合作联盟、民生银行在北京签署战略合作协议。	（四川医药大佬科创控股集团，“合作”，民生银行），（民生银行，“合作”，四川医药大佬科创控股集团）
全国政协委员、中化集团总裁刘德树昨日接受记者采访时表示，中化股份整体上市仍处在准备阶段。	（中化集团，“拥有”，中化股份）
国际海事研究机构Clarkson、摩根士丹利和GE的合作研究显示，	（摩根士丹利，“合作”，GE），（GE，“合作”，摩根士丹利）
为此，华菱钢铁方面不久之前已对华菱涟钢的高层进行了“大换血”，上市公司首席执行官曹慧泉与副总经理、总经理以及党委书记。	（华菱钢铁，“拥有”，华菱涟钢）
分析认为，作为苹果公司最大的生产厂商，富士康正寻求多元化转型，用以摆脱对苹果的依赖。	（苹果，“合作”，富士康），（富士康，“合作”，苹果）
廊坊发展已通过邮件及电话方式敦促恒大地产履行披露义务。	（廊坊发展，“合作”，恒大地产），（恒大地产，“合作”，廊坊发展）
记者查阅中国海油官网了解到，总公司曾与中核集团在去年<N>月签订战略合作框架协议。	（中国海油，“合作”，中核集团），（中核集团，“合作”，中国海油）
成立仪式上，GE同时宣布与华为建立战略合作伙伴关系，GE表示会将工业互联网发展规划与华为的信息通信技术结合，加速工业互联网创新应用的开发。	（GE，“合作”，华为），（华为，“合作”，GE）
据了解，内蒙古拜克生物有限公司是浙江“升华集团”下属浙江升华拜克生物股份有限公司在中西部地区投资的一家全资子公司，	（拜克生物股份有限公司，“拥有”，内蒙古拜克生物有限公司）
而海普瑞以“零缺陷”结果通过了美国FDA现场复查，并与APP公司签订了独家供货和独家采购，使海普瑞一跃成为美国大剂量标准肝素制剂唯一的原料药供应商。	（海普瑞，“合作”，APP公司），（APP公司，“合作”，海普瑞）
广西国盾的上述变化，还要从该公司与中电鑫龙之间曾发生的那段“姻缘”说起。	（广西国盾，“合作”，中电鑫龙），（中电鑫龙，“合作”，广西国盾）
届时“苏宁私享家”将在北京、宁波全国<N>个城市同步上线，在核心门店内开设“苏宁私享家”专区。	（苏宁，“拥有”，苏宁私享家）
华升集团相关负责人介绍说，集团是湖南省唯一的国有大型外贸纺织企业，目前控股华升股份，截至<N>年底，	（华升集团，“拥有”，华升股份）
研究员表示，此次运作起到了理顺各企业间股权关系的效果，天津港发展从津联集团和天津发展的体系中剥离出来，最终形成天津港集团——天津港发展——天津港的关系，	（津联集团，“合作”，天津港），（天津港，“合作”，津联集团）
据了解，<N>年<N>月，经深圳证券交易所和山东证监局核查发现，德棉股份存在控股股东德棉集团违规占用上市公司资金情形，	（德棉集团，“拥有”，德棉股份）
上述<N>宗闲置土地中属于新世界中国在内地注册的合营合作企业北京崇文新世界发展有限公司的三幅地块——燕京大厦、新世界家园三期西侧公建楼以及新景商务楼。	（新世界中国，“拥有”，新世界家园）
东星航空是武汉当地第三大基地航空公司，由中国东星集团有限公司下属湖北东星国际旅行社有限公司、湖北美景旅游投资有限公司共同投资组成的。	（中国东星集团有限公司，“拥有”，东星航空）
按照河北钢铁与阿尔德隆签署的合作协议，河北钢铁将与阿尔德隆合作开发后者旗下的佳美铁矿。	（河北钢铁，“合作”，阿尔德隆），（阿尔德隆，“合作”，河北钢铁）
<N>年年底，迪士尼与伊利乳业达成战略合作。	（迪士尼，“合作”，伊利乳业），（伊利乳业，“合作”，迪士尼）
前，泛海控股的综合金融布局已经初步形成，旗下已拥有民生证券券商牌照，在信托领域已拥有民生信托，此次收购民安财险控股权之后，泛海控股的金融布局将更加全面。	（民生证券，“合作”，泛海控股），（泛海控股，“合作”，民生证券）
国统股份今日公告称，公司全资子公司四川国统混凝土制品有限公司与中国华西工程设计建设有限公司综合设计所签署PCCP采购合同，总金额为<N>.<N>万美元。	（国统股份，“拥有”，四川国统混凝土制品有限公司）
<N>月<N>日，宝钢集团与江苏沙钢集团签订战略协同合作意向协议。	（宝钢集团，“合作”，江苏沙钢集团），（江苏沙钢集团，“合作”，宝钢集团）
中环股份今日公告，公司及公司全资子公司天津市环欧半导体材料技术有限公司再次入选国家级高新技术企业，并于近期获取了《高新技术企业证书》，认定有效期<N>年。	（中环股份，“拥有”，天津市环欧半导体材料技术有限公司）
九阳公司称所有上海产九阳豆浆机均为假货	（九阳公司，“拥有”，九阳豆浆机）
中国南车周五晚公告称，公司全资子公司南车株洲电力机车有限公司中标<N>台大功率交流传动六轴<N>kW电力机车，总价值约<N>亿元人民币。	（中国南车，“拥有”，南车株洲电力机车有限公司）
中卫国脉今日发布公告称，根据国务院国有资产监督管理委员会近日发布的相关公告，公司控股股东中国卫星通信集团公司已被批准并入中国航天科技集团公司，	（中国卫星通信集团公司，“拥有”，中卫国脉）
通过与上海阜兴集团的合作，常高新集团将有效发挥国有资本的引导和杠杆作用，为常州高新区的发展注入更强大的动力，真正实现各方互利共赢。	（上海阜兴集团，“合作”，常高新集团），（常高新集团，“合作”，上海阜兴集团）
RBS再度削减旗下爱尔兰银行业务关闭<N>%营业网点	（RBS，“拥有”，爱尔兰银行）
如同电视剧版狗血，前大股东华润派出董事全部投了反对票，看来一直沉默的大股东真的生气了，后果很严重，因为没有前大股东的支持，万科与深圳地铁的联姻可能悬乎，	（华润，“拥有”，万科）
日前，百胜中国事业部主席兼首席执行官苏敬轼接受了《中国经营报》记者的专访，解读了肯德基的这场革命。	（百胜中国，“拥有”，肯德基）
日平安与深发展、新桥达成的协议，平安收购深发展分两个环节，即平安收购新桥持有的深发展股份以及平安旗下平安人寿认购深发展<N>.<N>亿股到<N>.<N>亿股增发股份，	（平安，“拥有”，平安人寿）
华泰证券今日公告称，证监会近日批复，同意该公司开展现金管理产品试点，并核准公司设立华泰紫金天天发集合资产管理计划。	（华泰证券，“拥有”，华泰紫金天天发集）
路透社报道称，中移动董事长王建宙在记者会上表示，一直与苹果保持很好的关系，希望新一代的iPhone可以加入TD-SCDMA，同时对iPad感到有兴趣。	（中移动，“合作”，苹果），（苹果，“合作”，中移动）
上海凯密特是德国凯密特尔集团控股的中德合资企业。	（德国凯密特尔集团，“拥有”，上海凯密特）
昨日诺维信集团表示，公司携手中粮集团与中石化集团达成一项框架协议，共同开发利用农作物废料开发燃料乙醇，并将在<N>年全面实现商业化。	（诺维信集团，“合作”，中粮集团），（中粮集团，“合作”，诺维信集团）
此后，中原出版传媒集团通过司法拍卖途径取得了S*ST鑫安原第一大股东河南花园集团有限公司所持有的公司全部股份。	（中原出版传媒集团，“拥有”，鑫安）
亚星化学表示，届时包括其控股的潍坊亚星乐天化工有限公司<N>万吨/年CPE产能在内，公司亚星项目区CPE的生产规模将达到<N>万吨/年。	（亚星化学，“拥有”，潍坊亚星乐天化工有限公司）
据了解，肯德基华为餐厅位于深圳龙岗区坂田的华为总部基地，只有华为的员工或严格身份验证登记过的访客才能进入。	（肯德基，“合作”，华为），（华为，“合作”，肯德基）
<N>年，格力中标印度电信基站大型工程项目，是当时中国空调业自主品牌在海外市场中标金额最大的一个项目;	（格力，“合作”，印度电信），（印度电信，“合作”，格力）
其中首创置业与亚洲最大投资基金GIC共同投资的高端产品线项目“缘溪堂三期”也将于<N>月入市。	（首创置业，“合作”，GIC），（GIC，“合作”，首创置业）
经过天津港集团和天津港发展协商，	（天津港发展，“拥有”，天津港集团）
经双方协商一致，万通新创现向TCL集团回转其持有的冠邦置业<N>%股权，冠邦置业拥有之土地使用权将作为TCL集团的战略储备。	（TCL集团，“拥有”，冠邦置业）
分析人士指出，为了开创新的收入增长点，未来搜狐将把“宝”押在输入法、浏览器与搜索引擎“三位一体”的搜狗产品线上。	（搜狐，“合作”，搜狗），（搜狗，“合作”，搜狐）
会上，天津联合冶金商品交易中心与上海钢铁交易中心有限公司、冀中能源国际物流集团有限公司、天津物产友发实业发展有限公司等企业签订了战略合作协议。	（上海钢铁交易中心有限公司，“合作”，冀中能源国际物流集团有限公司），（冀中能源国际物流集团有限公司，“合作”，上海钢铁交易中心有限公司）
青海盐湖钾肥股份有限公司控股子公司及所属公司<N>年向控股股东缴纳矿产资源使用费用的关联交易议案”、“修订本公司控股子公司青海盐湖发展有限公司与青海盐	（青海盐湖钾肥股份有限公司，“拥有”，青海盐湖发展有限公司）
昨日晚间，东航股份公告称，公司经向东航集团以及公司全体董事和管理层询问获悉，	（东航集团，“拥有”，东航股份）
加盟美的以后，小天鹅分享了美的的市场网络资源，产品销售从一、四级市场，销量增长很快。	（小天鹅，“合作”，美的），（美的，“合作”，小天鹅）
目前，索尼金控是索尼除电子、娱乐外的最大业务板块，营收已经连续两年超过万亿日元，其净利润也实现飞跃发展，成为索尼最核心的增长点。	（索尼，“拥有”，索尼金控）
如，万泽股份今天披露，公司全资下属企业广东万泽实业股份有限公司热电一厂于<N>月<N>日接到汕头市金平区“三旧”改造工作领导小组办公室下发的通知，	（万泽股份，“拥有”，广东万泽实业股份有限公司热电）
中铝公司总经理肖亚庆<N>日首次面对国内媒体解读与力拓金额高达<N>亿美元的合作案。	（中铝公司，“合作”，力拓），（力拓，“合作”，中铝公司）
证券时报网0<N>月<N>日讯长航油运<N>日晚间发布公告，控股股东南京油运于<N>年<N>月<N>日、<N>日通过上交所交易系统增持公司股份<N>万股。	（南京油运，“拥有”，长航油运）
据霸王招股说明书显示，公司创始人陈启源夫妇通过FortuneStation公司拥有霸王集团<N>亿股份，占总股本<N>亿股的<N>%。	（FortuneStation公司，“拥有”，霸王集团）
200<N>年<N>月<N>日，延边公路发布公告称，公司控股股东吉林敖东正与广发证券股份有限公司就借壳公司上市事宜进行沟通磋商。	（吉林敖东，“合作”，广发证券股份有限公司），（广发证券股份有限公司，“合作”，吉林敖东）
齐鲁证券认为，业绩低于预期主要为公司利润来源达因药业增速放缓所致，	（齐鲁证券，“合作”，达因药业），（达因药业，“合作”，齐鲁证券），（齐鲁证券，“拥有”，达因药业）
<N>年，AES的子公司AES黑海控股公司与国华能源投资公司组建合资企业国华爱依斯风电有限公司，AES在该合资企业中持股<N>%。	（AES，“拥有”，AES黑海控股公司）
始建于<N>年，设计生产能力为每年<N>万吨的骆驼山煤矿由中煤五公司、陕西煤建公司和郑州煤建公司承建。	（中煤五公司，“合作”，陕西煤建公司），（陕西煤建公司，“合作”，中煤五公司）
<N>月<N>日，中国北车公告称，控股股东北车集团于<N>年<N>月<N>日增持其公司的股票<N>万股，占其总股本的<N>.<N>%。	（北车集团，“拥有”，中国北车）
<N>月<N>日晚间，顺丰发布公告称，其全资子公司深圳顺丰泰森控股有限公司与湖北省政府签订《关于湖北国际物流核心枢纽项目合作协议》。	（顺丰，“拥有”，深圳顺丰泰森控股有限公司）
<N>年<N>月份，百度李彦宏和爱奇艺龚宇联手向百度董事会发出私有化收购要约，计划收购百度持有的爱奇艺<N>.<N>%股份，爱奇艺估值约<N>亿美元。	（百度，“合作”，爱奇艺），（爱奇艺，“合作”，百度）
除此之外，广药还在为王老吉搭建独立的销售团队。	（广药，“合作”，王老吉），（王老吉，“合作”，广药）
泰禾集团下属全资子公司福州泰禾房地产开发有限公司<N>月<N>日参加福建省宁德市国有建设用地使用权拍卖出让活动，	（泰禾集团，“拥有”，福州泰禾房地产开发有限公司）
相对于国家电网零星的地产业务来说，鲁能集团地产业务则非常庞大，其旗下的地产业务主要由鲁能置业和鲁能恒源置业公司运作，	（鲁能集团，“拥有”，鲁能置业）
母公司粤传媒表示，为减少亏损，维护公司和股东合法权益，同意香榭丽申请破产清算。	（粤传媒，“拥有”，香榭丽）
几次合并的“绯闻”，如中远集团、招商局均曾提出愿与中外运合并，但中外运则是偏偏独爱长航，愿与其合并，在一番竞争与平衡之后，中外运与长航集团终于喜结连理。	（中远集团，“合作”，长航集团），（长航集团，“合作”，中远集团）
我们今天已经有公告出来了，孙总说的意思是中国黄金集团公司已明确了将黄金矿业资产放入中金黄金的总体思路，	（中国黄金集团公司，“拥有”，中金黄金）
中港基金互认业务开闸天弘基金拔得头筹	（中港基金，“合作”，天弘基金），（天弘基金，“合作”，中港基金）
今后，万科将和深圳地铁一道，按照国家“十三五”规划发展要求，努力实践“轨道+物业”发展模式，在巩固和发展既有业务的同时，加快向“城市配套服务商”转型。	（万科，“合作”，深圳地铁），（深圳地铁，“合作”，万科）
古井贡酒控股股东产权或转上海浦创。	（上海浦创，“拥有”，古井贡酒）
础制造设备”的子课题，项目成果主要运用于飞机、汽车制造及军工领域，由华工激光工程有限责任公司、武汉锐科光纤激光器技术有限责任公司和华中科技大学共同完成。	（华工激光工程有限责任公司，“合作”，武汉锐科光纤激光器技术有限责任公司），（武汉锐科光纤激光器技术有限责任公司，“合作”，华工激光工程有限责任公司）
TCL集团、TCL多媒体及其相关全资子公司就诉讼个体声称的非法侵占或转移TTEEurope客户及TTEEurope无理取得雇员保存计划的费用提出以下申索	（TCL集团，“拥有”，TTEEurope）
点心的切入点，是从基于Google开源的Android系统进行本土化的优化改进。	（点心，“合作”，Google），（Google，“合作”，点心）
长航油运的控股股东南京长江油运公司增持承诺期限已于<N>年<N>月<N>日届满。	（南京长江油运公司，“拥有”，长航油运）
但中铝方面依然坚信，此次合作满足的是双方股东的利益，同样也能为力拓的股东们创造出最大的价值。	（中铝，“合作”，力拓），（力拓，“合作”，中铝）
由于万达商业为万达集团的必要组成部分，而万达集团无意出售其持有的万达商业股份，因此，其他第三方不大可能愿意为收购万达商业的H股支付可观溢价。	（万达集团，“拥有”，万达商业）
据了解，热电公司为公司控股股东山东华鲁恒升集团的控股子公司，公司外购蒸汽全部来自热电公司，<N>年<N>-<N>月采购金额达<N>.<N>亿元。	（山东华鲁恒升集团，“拥有”，热电公司）
在此框架协议下，中国建材集团旗下西南水泥与台泥集团下属台泥国际集团还宣布进行几项股权交易，以整合西南区域市场。	（中国建材集团，“拥有”，西南水泥）
<N>年<N>月，UC全面并入阿里巴巴集团后，俞永福曾任阿里UC移动事业群总裁，	（阿里巴巴集团，“拥有”，阿里UC移动）
对此，上海万科方面表示，目前其介入，主要体现为凭借万科的专业能力，提升购房人的信心。	（万科，“拥有”，上海万科）
接手太平洋安泰后，建行的持股比例为<N>%;而日后，更有可能达到<N>%。	（太平洋安泰，“合作”，建行），（建行，“合作”，太平洋安泰）
中国平安回应平安银行资产质量质疑:已制定风险化解方案	（中国平安，“拥有”，平安银行）
中国工信出版集团是由人民邮电出版社和电子工业出版社及其所属实体组成的企业联合体，以中国工信出版传媒集团有限责任公司为母公司，	（中国工信出版传媒集团有限责任公司，“拥有”，中国工信出版集团）
去年<N>月，中外运长航对滚装船业务进行了整合，以深圳长航作为集团滚装船运输业务整合的主体单位，	（中外运长航，“拥有”，深圳长航）
此前，红太阳集团在<N>年通过华融信托发布过一次红太阳股票信托计划，将所持<N>.<N>万股予以质押，占总股本的<N>.<N>%。	（红太阳集团，“合作”，华融信托），（华融信托，“合作”，红太阳集团）
今年，第一食品通过资产置换，与光明集团旗下的华光酿酒实现强强联合，	（光明集团，“拥有”，华光酿酒），（光明集团，“合作”，华光酿酒），（华光酿酒，“合作”，光明集团）
历任贵州茅台酒厂财务科副科长、处长，贵州茅台酒股份有限公司财务总监，贵州茅台酒厂有限责任公司党委委员、贵州茅台酒股份有限公司副总经理等职。	（贵州茅台酒股份有限公司，“拥有”，贵州茅台酒厂）
去年<N>月，百联集团旗下的上海有色金属交易中心正式宣告推出中国首个有色金属现货价格指数。	（百联集团，“拥有”，上海有色金属交易中心）
本次交易完成后，中国平安在深发展的持股比例将升至<N>%以上，一跃成为绝对控股股东。	（中国平安，“拥有”，深发展）
宏碁接管方正大部分PC业务后，方正科技旗下的苏州工厂将继续负责PC生产。	（宏碁，“拥有”，方正科技）
有食品行业分析师认为，购得女儿红后，古越龙山累计原酒储备量将由原来的<N>万吨增加到<N>万吨以上。	（古越龙山，“拥有”，女儿红）
据了解，华联商厦张杨店于<N>年<N>月正式开张，是华联商厦走向连锁发展的第<N>家门店。	（华联商厦，“拥有”，华联商厦张杨店）
摩拜单车成长了，腾讯的投资收益也会变大”。	（摩拜单车，“合作”，腾讯），（腾讯，“合作”，摩拜单车）
飞乐股份在<N>年<N>月<N>日-<N>年<N>月<N>日期间为华源股份提供担保金额<N>万元。	（飞乐股份，“合作”，华源股份），（华源股份，“合作”，飞乐股份）
<N>年底，平安举办年会活动，平安财富宝团队改编了当时流行的彩虹合唱团歌曲，在平安内部掀起热点话题，	（平安，“拥有”，平安财富宝）
但是已有保险业内人士分析，平安和交行在银保渠道高端人群中销售该产品，对于提升平安分红险在整个保费占比中的比例不无裨益。	（平安，“合作”，交行），（交行，“合作”，平安）
通用汽车在华各品牌产品中，雪佛兰品牌仍然是销售生力军，<N>月销量达到<N>，<N>辆，同比增长<N>.<N>%。	（通用汽车，“拥有”，雪佛兰）
本报讯 近日，中国南车天津产业园正式开建，重点发展轨道交通车辆、风力发电设备及关键零部件等新能源产业。	（中国南车，“拥有”，天津产业园）
王老吉首先布局全媒体战略，与央视、湖南卫视，腾讯联手形成了三足鼎立之势，媒体大资源为营销抢占了先机。	（王老吉，“合作”，腾讯），（腾讯，“合作”，王老吉）
骏威汽车今日早间发布公告称，广州汽车集团股份有限公司已于昨日正式要求骏威董事会向股东提出私有化骏威汽车的建议。	（骏威，“拥有”，骏威汽车）
江酒店系收购美国知名的第三方酒店管理公司IHR之外，锦江之星此前也与欧洲第二大酒店集团——法国卢浮酒店集团签约，以品牌联盟形式使锦江之星品牌在法国亮相。	（法国卢浮酒店集团，“合作”，锦江之星），（锦江之星，“合作”，法国卢浮酒店集团）
讯中国铁建今日收盘后发布公告，称中国铁建下属中国铁建投资集团、宁波交通工程建设集团组成的联合体中标杭州湾地区环线并行线G<N>N宁波段一期工程PPP项目。	（中国铁建，“拥有”，中国铁建投资集团）
“复出”仅<N>个月的力诺集团（旗下有上市公司力诺太阳）董事长高元坤，日前被济南市、山东省两级政协“三撤”。	（力诺集团，“拥有”，力诺太阳）
"上述分析人士认为:“在中国恒天多次增持之后，无论背后是否存在""一致行动人""，上海全冠都处在一个进退两难的尴尬处境”。"	（中国恒天，“合作”，上海全冠），（上海全冠，“合作”，中国恒天）
和讯消息中石油今日发布公告称，旗下全资子公司中石油昆仑燃气有限公司将出资人民币<N>.<N>，	（中石油，“拥有”，中石油昆仑燃气有限公司）
据蒋向阳介绍，当时是普茨迈斯特首先向三一透露了合作意向。	（普茨迈斯特，“合作”，三一），（三一，“合作”，普茨迈斯特）
而在其于<N>年<N>月担任安徽康源电力集团有限公司总经理期间，刚上任不久便伙同下属公司合肥惠众工贸有限公司的<N>名高管假借其他公司名义，	（安徽康源电力集团有限公司，“拥有”，合肥惠众工贸有限公司）
<N>年<N>月，王被聘任为华虹集团CEO及附属公司华虹NEC董事长，负责组建<N>英寸半导体生产线，后因资金问题项目暂时搁浅，王由此离职。	（华虹集团，“拥有”，华虹NEC）
“潮水退去才知道谁在裸泳”，这句话在五粮液 主要经销商之一、国内的白酒大商之一——银基身上体现得淋漓尽致。	（五粮液，“合作”，银基），（银基，“合作”，五粮液）
从目前国机集团<N>家上市公司来看，林海股份属林业机械及摩托车制造业，轴研科技属轴承制造业;	（国机集团，“拥有”，林海股份）
据披露，山煤投资为山煤集团的全资子公司，为山煤集团的一致行动人。	（山煤集团，“拥有”，山煤投资）
今年<N>月，马士基将旗下丹马士、马士基油轮、马士基供给服务和施维策四项业务进行了整合，成立了集团第五大业务部门——马士基服务与相关海运业务集团。	（马士基，“拥有”，马士基）
长源电力今日披露，公司控股股东中国国电集团公司<N>年通过发行中期票据和信托产品等方式筹集了低成本资金，用于降低其本部及所属单位的融资成本。	（中国国电集团公司，“拥有”，长源电力）
此外，由于中国软件的子公司中标软件是国内唯一一家能够同时提供完整服务器及桌面端产品的软件企业，	（中国软件，“拥有”，中标软件）
，媒体报道称，中石油集团纪检监察部门近期披露，在过去一年中，包括中石油黑龙江销售分公司原总经理王贤泸、中石油工程建设公司一建公司原总经理顾满林等人在内，	（中石油集团，“拥有”，中石油黑龙江销售分公司）
海尔集团表示，本次整合将有助于提升青岛海尔全球运作能力，	（海尔集团，“拥有”，青岛海尔）
壳牌收购BP的可行性，上述专家则称，BP的前身为盎格鲁-波斯石油公司，其是显赫家族罗斯柴尔德和英国政府的联合体，而壳牌在历史上也是罗斯柴尔德家族的资产，	（罗斯柴尔德，“拥有”，壳牌）
汪东进曾长时间在中石油从事海外开发工作，<N>年<N>月出生，现任中国石油天然气集团公司总经理助理兼中国石油天然气勘探开发公司副董事长、党委书记。	（中石油，“拥有”，中国石油天然气勘探开发公司）
时近虎年，宝钢和沙钢这两大钢铁业巨头的合作正渐入佳境。	（宝钢，“合作”，沙钢），（沙钢，“合作”，宝钢）
诺华用于治疗乳腺癌产品Kisqali确定主攻市场 绝经前妇女	（诺华，“拥有”，Kisqali）
发布会上，中车城市交通有限公司与中国银行匈牙利有限公司签署金融合作备忘录，共同为欧洲特别是中东欧国家提供公共交通整体解决方案。	（中车城市交通有限公司，“合作”，中国银行匈牙利有限公司），（中国银行匈牙利有限公司，“合作”，中车城市交通有限公司）
“紫光做这件事情就是市场行为，他们知道浦东科投和锐迪科在谈，把我们的生意撬过去了，这里没有什么阴谋，就是觉得这件事情有利可图”。	（浦东科投，“合作”，锐迪科），（锐迪科，“合作”，浦东科投）
<N>年<N>月<N>日，阿里数字娱乐部总经理李捷在与芒果TV的战略合作发布会上表示。	（阿里数字，“合作”，芒果TV），（芒果TV，“合作”，阿里数字）
酒仙网目前已经与库巴、腾讯QQ商城等十余家平台类电商，实现类似的“联姻”，进驻或包揽这些平台类电商的酒水频道，不断拓展销售渠道。	（酒仙网，“合作”，库巴），（库巴，“合作”，酒仙网）
此前，天津港集团持有天津港<N>.<N>%的股权，而天津港发展的直接股东是天津发展和天津港集团并无直接关联。	（天津港集团，“拥有”，天津港）
渣打与农行酝酿合作或将在香港开展试点项目	（渣打，“合作”，农行），（农行，“合作”，渣打）
界关注西藏生态环境，积极参与青藏高原保护的行动，联合利华力士品牌携手大润发共同推出大润发“力士·绿哈达行动一人一瓶一平米青藏万亩植绿计划”主题环保活动。	（联合利华，“合作”，大润发），（大润发，“合作”，联合利华）
北车<N>月<N>日发布的公告，由该公司合资的成立的北京北车长客轨道装备有限公司和重庆北车四方所长客科技有限公司，其业务重点之一均指向相关设备的维修、销售和售后	（北车，“拥有”，重庆北车四方所长客科技有限公司）
不过就在迪康药业股价风光大涨的背后，控股股东蓝光集团却在“暗度陈仓”。	（蓝光集团，“拥有”，迪康药业）
对此次招标占据的地利优势，郑念新称国内空管设备的采购一般由中航材统一招标，国外竞争对手在上海机场的招标中就曾胜出，所以胜负尚难料。	（中航材，“拥有”，上海机场）
在<N>宗私募基金违法违规案中，截至立案调查日，广东中大创业投资管理有限公司管理的广州萌芽投资企业和广州中创崔毅天使投资企业未按规定办理基金备案手续;	（广东中大创业投资管理有限公司，“拥有”，广州萌芽投资企业）
昨日，广药集团公布<N>月份销售收入同比增长<N>.<N>%，其中主要贡献来自红罐王老吉。。	（广药集团，“拥有”，王老吉）
烟台万华今日公告，公司控股子公司宁波万华新建的二期MDI项目及配套工程项目经过全面试车，	（烟台万华，“拥有”，宁波万华）
交易完成后，中国平安将成为深发展的控股股东。	（中国平安，“拥有”，深发展）
化，*ST北生及其管理人与受让方自然人黄菁协商决定终止<N>月1<N>日双方签署的股权转让协议，*ST北生收回公司下属子公司广西北生医药有限责任公司<N>%股权，	（北生，“拥有”，广西北生医药有限责任公司）
联华超市是一家多业态的超市公司，每天大量的商品进出给食品验收工作带来极大的困难，该物流配送中心建成后，将大幅提高联华大卖场和标超的商品配送业务能力和生鲜	（联华，“拥有”，联华超市）
而兵装集团旗下的长风公司属于军工企业，正遇到资金短缺瓶颈，生存难以为继。	（兵装集团，“拥有”，长风公司）
谷歌眼镜是由谷歌公司发布的一款“拓展现实”眼镜，它具有和智能手机一样的功能，可以通过声音控制拍照、处理文字信息和电子邮件等。	（谷歌公司，“拥有”，谷歌眼镜）
微妙的是，在蚂蚁金服更早的一份媒体回应中称，之所以花费较长时间，是在流量向支付宝位于深圳的数据中心迁移的时候，	（蚂蚁金服，“拥有”，支付宝）
加之中集集团子公司中集香港此前持有的<N>，<N>，<N>股烟台莱佛士股份。	（中集集团，“拥有”，中集香港）
中国平安集团也宣布授予平安银行珠海前山支行“<N>年度服务明星”的荣誉称号。	（中国平安集团，“拥有”，平安银行珠海前山支行）
闽发证券破产案掀余浪 <N>余万股双鹤药业待分配	（闽发证券，“拥有”，双鹤药业）
除了ATS，包括凯迪拉克XTS、CTS-VCoupe以及凯雷德ESV在内的明星车型也将集体亮相凯迪拉克展台，为观众们带来一场极具瞩目风范的豪华盛典。	（凯迪拉克，“拥有”，凯迪拉克展台）
中华企业无锡中城城市更新计划近日正式启动，本次城市更新计划由中华企业旗下上海房地产经营有限公司联手无锡市滨湖城市投资发展有限责任公司担纲实施。	（上海房地产经营有限公司，“合作”，无锡市滨湖城市投资发展有限责任公司），（无锡市滨湖城市投资发展有限责任公司，“合作”，上海房地产经营有限公司）
湖南广电201<N>年<N>月起全面发力互联网视频业务，逐渐形成以“芒果TV”为品牌的全牌照新媒体产业格局。	（湖南广电，“拥有”，芒果TV）
深铁则是此次股东大会的最大赢家，其董事长称，不会干预万科的经营管理，但会进一步优化万科的公司治理体系。	（深铁，“合作”，万科），（万科，“合作”，深铁）
中海海盛方面解释，可供出售金融资产减少原因是下属子公司深圳市三鼎油运贸易有限公司持有的<N>.<N>万股“招商银行”流通A股，	（中海海盛，“拥有”，深圳市三鼎油运贸易有限公司）
此次与顺丰嘿客的强强联手，更让加多宝顺利打通线上、线下资源，多平台统一发声，通过与消费者更加亲密的无缝“对话”，延续市场上热度不减的“正宗凉茶效应”。	（顺丰嘿客，“合作”，加多宝），（加多宝，“合作”，顺丰嘿客）
美国通用IPO前夜，其中国的老伙伴——上汽再次携手宣布与其联合开发新一代环保节能动力总成技术。	（美国通用，“合作”，上汽），（上汽，“合作”，美国通用）
汕电力公告，公司拟参与孙公司深圳市安业房地产开发有限公司<N>%股权的公开挂牌出让。	（汕电力，“拥有”，深圳市安业房地产开发有限公司）
为了提升“太白生态乐园”项目的品质和档次，打造高端生态旅游休闲精品，太白发展和ST康达尔拟重新调整“太白生态乐园”的规划。	（康达尔，“拥有”，太白生态乐园）
<N>月<N>日，百事中国位于成都的工厂（以下简称成都百事）发生了员工“休假”停工事件。	（百事中国，“拥有”，成都百事）
<N>月底，在申银万国组织的<N>春季金融房地产投资策略研讨会上，万科副总裁肖莉的一席讲话，已经暗示着万科集中拿地的高峰期即将到来。	（申银万国，“合作”，万科），（万科，“合作”，申银万国）
华东数控今日公告，拟与德国希斯庄明有限公司开展合作，制造数控龙门移动式镋铣车削中心等设备，计划投资<N>万元。	（华东数控，“合作”，德国希斯庄明有限公司），（德国希斯庄明有限公司，“合作”，华东数控）
作为两家知名公司，康师傅和百事均有自己根深蒂固的企业文化，在品牌、渠道等方面也各有千秋，除监管层面之外，这些方面该如何更好地融合，也对此次结盟提出考验。	（康师傅，“合作”，百事），（百事，“合作”，康师傅）
与此同时，伊利还宣布与国际娱乐巨头迪斯尼达成“排他性”战略合作。	（伊利，“合作”，迪斯尼），（迪斯尼，“合作”，伊利）
在公开挂牌转让信息中，冀中能源对咏宁水泥股权的意向受让方规定的条件包含:意向受让方应为国有全资或国有绝对控股的企业法人，	（冀中能源，“拥有”，咏宁水泥）
雅虎和阿里巴巴这对昔日盟友正遭遇“五年之痒”，关系恶化甚至要“离婚”。	（雅虎，“合作”，阿里巴巴），（阿里巴巴，“合作”，雅虎）
上述表态意味着中航旗下最主要的汽车资产哈飞、昌河将铁定合并。	（中航，“拥有”，昌河）
事实上，蒙牛此次将雅士利营养饮品业务“收编”，也是为了寻找新的业绩增长点。	（蒙牛，“合作”，雅士利），（雅士利，“合作”，蒙牛）
山东药玻<N>年应交税费较期初下降<N>.<N>%，因公司及子公司包头市康瑞药用玻璃包装制品有限公司<N> 年度未被认定为高新技术企业前按照<N>%的税	（山东药玻，“拥有”，包头市康瑞药用玻璃包装制品有限公司）
宝能旗下深圳市笋岗物流园区曾荣获国务院发展研究中心颁发的“全国最大的多功能现代化商业化仓库区”、深圳物流业发展和保障输港物资稳定供应等做出了巨大贡献。	（宝能，“拥有”，深圳市笋岗物流园区）
柯达宣布，已与花旗银行达成<N>.<N>亿美元的“债务人持有破产资产融资”方案。	（柯达，“合作”，花旗银行），（花旗银行，“合作”，柯达）
继国泰君安香港子公司国泰君安国际控股有限公司<N>月登陆港交所后，	（国泰君安香港，“拥有”，国泰君安国际控股有限公司）
本报讯昨日，复星医药在上海宣布与国际医药企业Chemo集团开启新一轮战略合作。	（复星医药，“合作”，Chemo集团），（Chemo集团，“合作”，复星医药）
全景网<N>月<N>日讯 西藏矿业周四晚间公告，因公司控股子公司西藏日喀则扎布耶锂业高科技有限公司合计 <N>%的股权挂牌转让，	（西藏矿业，“拥有”，西藏日喀则扎布耶锂业高科技有限公司）
至于<N>家动物饲料公司，史毕根斯只披露了两家公司的名称，一是恒天然旗下的新西兰农业商业公司，一是多美滋和可瑞康所属的达能集团。。	（达能集团，“拥有”，多美滋）
首泰公司拟通过本次股权收购，持有东润公司不低于<N>%的股权，成为东润公司的第一大股东，最终拥有对新潮实业的间接控股权。	（首泰公司，“拥有”，东润公司）
妖股四川双马股权转让落实天津赛克环与和谐恒源成实控人	（和谐恒源，“拥有”，四川双马）
国家加大对袋式除尘的支持力度，将对三维丝下游袋式除尘器设备商龙净环保、同方股份形成利好。	（三维丝，“合作”，龙净环保），（龙净环保，“合作”，三维丝）
兆易创新澄清媒体报道:与合肥长鑫合作处初期接触阶段	（兆易创新，“合作”，合肥长鑫合作处），（合肥长鑫合作处，“合作”，兆易创新）
富士康国际是鸿海旗下的手机代工企业，在香港挂牌交易，鸿海持股比重约<N>%。	（鸿海，“拥有”，富士康国际）
东风公司副总经理童东城代表公司与各项目主要承担单位签订项目任务书，明确了东风汽车公司技术中心《纯电动轿车开发》、东风电动车辆股份有限公司《整车控制器开发	（东风公司，“拥有”，东风电动车辆股份有限公司）
在北京同仁堂继续筹谋二次分拆上市计划时，国内竟出现另一家“中华同仁堂”意图与其分一杯羹。	（中华同仁堂，“拥有”，北京同仁堂）
同时颇为“巧合”的是，上述的交通银行南通分行也是江苏三友募集资金存放的专储银行。	（交通银行南通分行，“合作”，江苏三友），（江苏三友，“合作”，交通银行南通分行）
“瑞航和汉莎航空，就像是一个厨师面对不同的乘客做出来的不同菜式，	（瑞航，“合作”，汉莎航空），（汉莎航空，“合作”，瑞航）
据了解，桑顿新能源股权结构为桑德集团控股<N>%、桑德环境持股<N>%。	（桑德集团，“拥有”，桑顿新能源）
作为万达集团第四次转型的里程碑，万达网科科技集团的成立在最初被赋予打通实业+互联网的桥梁作用，	（万达集团，“拥有”，万达网科科技集团）
成商集团今天公告，公司控股股东深圳茂业商厦有限责任公司<N>月<N>日增持<N>万股，	（深圳茂业商厦有限责任公司，“拥有”，成商集团）
导报记者从<N>月公布的《山东钢铁集团有限公司200<N>年度第一期中期票据》中了解到，石门铁矿探明储量为<N>万吨，在整个山钢集团的自有矿山中位列第二。	（山钢集团，“拥有”，石门铁矿）
公告披露，本次重大资产重组包括:友谊股份向百联集团发行A股股份作为支付对价，收购百联集团持有的八佰伴<N>%股权和上海百联集团投资有限公司<N>%股权。	（百联集团，“拥有”，上海百联集团投资有限公司）
然而，<N>年底资料显示，原属济钢<N>%控股的石门铁矿，已经挂牌转让。	（济钢，“拥有”，石门铁矿）
全资附属公司FEB同意将百事可乐在中国的非酒精饮料装瓶业务的全部权益出售给康师傅控股附属公司康师傅饮品控股有限公司，以换取康师傅饮品的<N>.<N>%直接权益。	（康师傅控股，“拥有”，康师傅饮品控股有限公司）
华大基因研究院院长、高级副总裁徐讯向<N>世纪经济报道记者表示:“华大以前在上游设备领域遇到很多瓶颈，	（华大，“拥有”，华大基因）
“这种合作模式，与京东与永辉超市的合作模式类似。	（京东，“合作”，永辉超市），（永辉超市，“合作”，京东）
银广夏主营资产竟然在上市公司都不知道的情况下被卖，而且最后购买者还是ST银广夏的实际控制人中联实业股份有限公司（以下简称:中联实业）等等事件都透露出背后	（中联实业，“拥有”，银广夏）
据了解，国电集团目前拥有国电电力、自治区。	（国电集团，“拥有”，国电电力）
公告显示，本次过户完成之前，中国平安及其控股子公司中国平安人寿保险股份有限公司合计持有深发展逾<N>.<N>亿股股份，约占深发展目前总股本<N>.<N>%。	（中国平安，“拥有”，中国平安人寿保险股份有限公司）
上海汽车目前股价为<N>.<N>元，扣除“上汽CWB<N>”认股权证每手<N>.<N>元的成本后，低于行权价约<N>.<N>%。	（上海汽车，“拥有”，上汽）
重组完成后，曲江文旅将成为ST长信的控股股东。	（曲江文旅，“拥有”，长信）
回溯奥瑞金的发展历程，早在<N>年，奥瑞金在招股说明书中称，该公司实控人周云杰及其母亲关玉香与红牛合作长达<N>年，	（奥瑞金，“合作”，红牛），（红牛，“合作”，奥瑞金）
鲁能集团直接控制广宇发展，或是为更好地操控广宇发展的资产重组。	（鲁能集团，“拥有”，广宇发展）
之前，三联商社相关责任人曾向记者表示，三联集团不会放弃三联品牌。	（三联集团，“拥有”，三联商社）
他说，宝钢的加盟将实现Aquila公司重大战略转型，公司有望在铁矿石、煤炭和锰金属项目多个方面齐头并进，取得长足发展。	（宝钢，“合作”，Aquila公司），（Aquila公司，“合作”，宝钢）
建发股份发迹厦门，控股着联发集团和建发房产，其大股东为厦门建发集团，实际控制人是厦门国资委。	（建发股份，“拥有”，建发房产）
除此之外，在阿里巴巴大文娱项目上，项目由阿里文娱现场娱乐事业群投资建设，	（阿里巴巴，“拥有”，阿里文娱现场娱乐事业群）
招商银行自<N>年和招商地产结盟以来，双方近年不断启动践盟活动，招商银行成为招商地产的无比关键的一根资金稻草。	（招商地产，“拥有”，招商银行）
有分析认为，互动娱乐通过对西甲俱乐部的注资控股，将产业链扩大至体育方面，并且从体育产业的顶层资源“赛事和俱乐部”这一角度直接切入。	（互动娱乐，“拥有”，西甲）
重组前，碱业集团直接持有三友化工<N>.<N>%股权，为三友化工的控股股东;碱业集团为三友集团的全资子公司，三友集团为三友化工的现实实际控制人。	（三友集团，“拥有”，碱业集团）
麦当劳通常收取销售额的<N>%作为特许使用费，但澳大利亚麦当劳向麦当劳亚太总部支付了<N>.<N>亿澳元“服务费”，达到销售额的<N>%。	（麦当劳，“拥有”，澳大利亚麦当劳）
在福喜举行发布会的同时，昨天下午<N>时左右，麦当劳中国官网挂出一份声明，宣布已全面暂停使用所有福喜中国的食品原料。	（福喜，“拥有”，福喜中国）
宁夏恒力今天公告，与下属控股子公司宁夏光辉最近的增资对象融德资产、中国华融补签对赌协议，	（宁夏恒力，“拥有”，宁夏光辉）
昇辉电子股权沿革上与碧桂园有密切关联。	（昇辉电子，“合作”，碧桂园），（碧桂园，“合作”，昇辉电子）
郭冬日进一步解释称，特力A旗下的子公司华日丰田汽车销售有限公司（下称华日汽贸）虽然整体规模不大，	（特力A，“拥有”，华日汽贸）
实行员工援助计划，与康宁医院共同制定了心理健康援助计划，并培养了一支<N>人的正泰心理咨询师队伍。	（康宁医院，“合作”，正泰），（正泰，“合作”，康宁医院）
据了解，前海人寿主要与工商银行、建设银行和农业银行等银行合作，推出多款分红险和万能险产品。	（前海人寿，“合作”，工商银行），（工商银行，“合作”，前海人寿）
丹基集团在成为汇通集团实际控制人后曾表示，在未来<N>个月内有可能继续增加其在汇通集团中拥有的权益股份，并根据所持股份对汇通集团的实际影响力适时就上市公司	（丹基集团，“拥有”，汇通集团）
中石化有限公司为中国石化的全资子公司，前者拥有的中石化油站有限公司主要在香港地区从事汽油、天然气的零售，	（中国石化，“拥有”，中石化油站有限公司）
中国经济网北京<N>月<N>日讯昨日万达集团旗下万达网络信贷公司官方消息，其新近推出的消费金融产品“万能Cash”上线首月放款已经破亿。	（万达集团，“拥有”，万达网络信贷公司）
百胜对于中国老百姓来说还有点陌生，但是百胜旗下的招牌品牌肯德基正在覆盖中国普通人的一日三餐，最近的表现是于<N>年推出了尚选晚餐。	（百胜，“拥有”，肯德基）
这些穿着印有可口可乐商标的少年，无疑是可口可乐公司最佳的活动广告。	（可口可乐公司，“拥有”，可口可乐）
停工知情人谈到的新飞，是那个由新加坡丰隆电器控股的新飞电器。。	（丰隆电器，“拥有”，新飞电器）
对决双方分别是华龙重组后的第一大股东上海兴铭房地产有限公司，以及广州市德秦贸易有限公司和广东绿添大地投资有限公司。。	（广州市德秦贸易有限公司，“合作”，广东绿添大地投资有限公司），（广东绿添大地投资有限公司，“合作”，广州市德秦贸易有限公司）
“LeEco将为Vizio提供内容、互联网及云服务;未来整个乐视生态都将与Vizio进行深度“化反”，帮助其转型升级至互联网生态型公司”，乐视公开表示。	（LeEco，“合作”，Vizio），（Vizio，“合作”，LeEco）
北京<N>月<N>日讯<N>日晚间，华谊兄弟发布公告称，公司计划通过全资子公司华谊兄弟实景娱乐有限公司向深圳华谊兄弟文化创意产业有限公司增加投入<N>万元的资金。	（华谊兄弟，“拥有”，华谊兄弟实景娱乐有限公司）
此前，因违背证券公司“一参一控”政策规定和《证券投资基金管理公司管理办法》要求，中信证券将被迫转让旗下与中信建投与华夏基金两公司股权，	（中信证券，“拥有”，中信建投）
上周，GE宣布与华为建立了战略合作伙伴关系。	（GE，“合作”，华为），（华为，“合作”，GE）
美国东部时间<N>年<N>月<N>日，中国建筑全资子公司中建美国有限公司与美国PLAZA建筑公司签署协议，	（中国建筑，“拥有”，中建美国有限公司）
北京商报记者日前走访位于北京国展附近的家乐福超市发现，此前占据货架半壁江山的蓝月亮洗衣液只占据了不到一米长的货架摆位，	（家乐福超市，“合作”，蓝月亮），（蓝月亮，“合作”，家乐福超市）
"分析人士对《每日经济新闻》记者表示:“中国恒天态度坚决，看来这一次控股凯马是""势在必得""了”。"	（中国恒天，“拥有”，凯马）
取而代之的是，在从加多宝手中收回王老吉商标后，广药集团新成立了大健康公司来单独经营王老吉商标以及红罐凉茶。	（广药集团，“拥有”，王老吉）
月<N>日，海印股份控股股东海印集团持有的潮楼、东川名店、电器总汇和少年坊等<N>个子公司<N>%股权全部获得工商行政部门的核准，被变更登记到海印股份名下，	（海印股份，“拥有”，东川名店）
商表示，“广药集团已经与福建的银鹭、惠尔康展开了合作，银鹭、惠尔康帮助广药代工红罐王老吉，同时他们还将利用自己的营销网络为即将上市的红罐王老吉做铺垫”。	（惠尔康，“合作”，王老吉），（王老吉，“合作”，惠尔康）
收购IBMPC业务十年后，联想核心个人电脑业务持续稳健发展，营业额和利润实现双增长，全球市场份额创下新高，连续两年蝉联全球第一大个人电脑厂商。	（联想，“拥有”，IBMPC）
四川长虹工作人员解释说:“长虹美菱是长虹收购美菱前的一个过渡公司，相当于是长虹和美菱合作的，并不是完全属于四川长虹所有。	（四川长虹，“合作”，美菱），（美菱，“合作”，四川长虹）
<N>年<N>月<N>日，北京世新泰德与中国石油吉林油田分公司签订了《合作开发乾<N>油田区块合同》，合作期限为<N>年。	（北京世新泰德，“合作”，中国石油吉林油田分公司），（中国石油吉林油田分公司，“合作”，北京世新泰德）
大唐电信作为国内信息通信技术的骨干企业，通过多年的自主研发，已经成为国内领先的终端芯片设计和制造厂商，并与中芯国际协同研发，	（大唐电信，“合作”，中芯国际），（中芯国际，“合作”，大唐电信）
中国网财经<N>月<N>日讯万达和融创今日下午在北京召开合作发布会，万达董事长王健林、融创中国董事长孙宏斌出席会议。	（万达，“合作”，融创中国），（融创中国，“合作”，万达）
至此，三林集团成为汇丽集团的实际控制人。	（三林集团，“拥有”，汇丽集团）
中民国际租赁的成立进一步完善中民投产融结合战略布局，对推动中民投快速实现“全球本地化，本地全球化”具有重要意义。	（中民国际租赁，“合作”，中民投），（中民投，“合作”，中民国际租赁）
对三洋剩余员工的保留，主要是松下鉴于三洋在专利权和售后服务方面的需求”。	（松下，“拥有”，三洋），（松下，“拥有”，三洋）
就在上个月，东航携子公司上航一同加入了南航所在的天合联盟。	（东航，“拥有”，上航）
根据金威啤酒公布的数据，其为粤海控股下属的啤酒公司，目前拥有<N>个生产基地，其中<N>个分布在广东。	（粤海控股，“拥有”，金威啤酒）
谭宁表示，目前，中信证券正积极推进相关工作，一方面抓紧解决“一参一控”和同业竞争、规范华夏基金股权等事项;	（中信证券，“拥有”，华夏基金）
王宗南善于资本运作，<N>年，由上海一百、华联、友谊和物资等上海四大商业集团组建、年销售收入近千亿元上海百联集团。	（华联，“合作”，友谊），（友谊，“合作”，华联）
早报讯河南大有能源股份有限公司昨晚公告称，控股股东义马煤业集团股份有限公司董事长武予鲁涉嫌违纪，已被河南省纪委双规。	（义马煤业集团股份有限公司，“拥有”，河南大有能源股份有限公司）
201<N>年<N>月<N>日，新华锦和乾运高科第一次见面沟通重组事项，双方都表示出合作意愿。	（新华锦，“合作”，乾运高科），（乾运高科，“合作”，新华锦）
“这个构想已经提出很久了，曾经是一个涉及到中航工业以及中国商用飞机有限责任公司等全部国内航空制造业资源的庞大重组方案，	（中航工业，“合作”，中国商用飞机有限责任公司），（中国商用飞机有限责任公司，“合作”，中航工业）
本报讯昨天，记者从上海医药了解到，日前上海医药与辉瑞、默克等<N>家跨国药企签订了超过<N>亿元的战略合作协议，约占上海医药全国分销业务的<N>%。	（上海医药，“合作”，辉瑞），（辉瑞，“合作”，上海医药）
老牌龙头房企招商地产近日动作频繁，继<N>月初在株洲拿下一商业地块后，<N>月<N>日公司再次出手，联合香港会德丰以<N>.<N>亿元的价格在佛山拿下一块商住混合用地。	（招商地产，“合作”，香港会德丰），（香港会德丰，“合作”，招商地产）
蚂蚁金服表示，支付宝将不断提升灾备切换速度，希望未来这样的切换能让用户无感知或者最小化感知。	（蚂蚁金服，“拥有”，支付宝）
同日，青岛澳柯玛股份有限公司召开四届十次董事会，会议审议通过公司控股子公司青岛澳柯玛资产管理有限公司与王大亮、纪春师等签订《企业产权转让合同》。	（青岛澳柯玛股份有限公司，“拥有”，青岛澳柯玛资产管理有限公司）
随后，美国公平劳工协会针对苹果主要合作厂商如富士康的生产环境展开一场“史无前例”的检查。	（苹果，“合作”，富士康），（富士康，“合作”，苹果）
中航投资作为中航工业的全资子公司，是集团最重要的金融投资平台。	（中航工业，“拥有”，中航投资）
其中，中国铁建所属子公司中铁二十五局集团有限公司、第<N>标段施工总价承包，	（中国铁建，“拥有”，中铁二十五局集团有限公司）
<N>年，中国联通成立专门运营终端的子公司联通华盛，与中国联通终端管理中心两块牌子、一套人马。	（中国联通，“拥有”，联通华盛）
北京商报记者日前从汾酒方面获悉，该公司品牌竹叶青并入汾酒销售公司进行一体化运作，不再设置单独的销售体系，汾酒销售公司总经理李俊兼任竹叶青公司总经理。	（竹叶青公司，“拥有”，竹叶青）
记者了解获悉，家乐福前任中国区总裁施荣乐<N>年进入中国大陆之前，曾在家乐福台湾地区担任过<N>年的总经理，当时家乐福的班底基本是台湾家乐福的人。	（家乐福，“拥有”，台湾家乐福）
据知情人士透露，与宝洁的合作可能只是开始，广百未来可能将这种与总部层面直接合作的模式应用到其它品牌。	（宝洁，“合作”，广百），（广百，“合作”，宝洁）
恒大集团副总裁、恒大集团副总裁刘永灼、恒大新西兰咔哇熊乳业技术总监Stelios Simpson，埃尔克森一家、曾诚一家等出席活动。	（恒大集团，“拥有”，恒大新西兰咔哇熊乳业）
川投集团已有的参、控股电力企业或公司，在同等条件下由川投能源优先收购。	（川投集团，“合作”，川投能源），（川投能源，“合作”，川投集团），（川投集团，“拥有”，川投能源）
昨日晚间，飞凯材料发布公告，称公司正在筹划重大资产重组事项，重组的标的资产为江苏和成显示科技股份有限公司<N>%股权。	（飞凯材料，“拥有”，江苏和成显示科技股份有限公司）
艺中心等项目结构封顶在即，世博“一轴四馆”永久性建筑供料工作已接近尾声，临时展馆将全面进入建设期，宝钢将继续配合世博局、世博集团等有关单位做好各项工作，	（宝钢，“合作”，世博集团），（世博集团，“合作”，宝钢）
<N>月<N>日，蝉联全球乳业十强的伊利再传喜讯，牵手苏宁达成战略合作伙伴关系。	（伊利，“合作”，苏宁），（苏宁，“合作”，伊利）
新希望股份重组前利润来自民生银行股权投资收益，	（新希望股份，“合作”，民生银行），（民生银行，“合作”，新希望股份）
收购完成后，古越龙山将持有女儿红<N>%的股权。	（古越龙山，“拥有”，女儿红）
据悉，华联股份刚刚与中国远洋集团达成购物中心管理意向，并签订了北京北四环购物中心的管理协议。	（华联股份，“拥有”，北京北四环购物中心）
与此同时，昨日有国外媒体报道称，中国建设银行也将参与中国银行悉尼分行牵头的此次银团贷款，显示了资本对于这起收购案的信心。	（中国建设银行，“合作”，中国银行悉尼分行），（中国银行悉尼分行，“合作”，中国建设银行）
从公开资料看来，民生投资的控股股东为上海华馨投资有限公司，而上海华馨的股东是两名自然人:汪远思和考尚校，其持股比例分别为:<N>%、<N>%。	（上海华馨投资有限公司，“拥有”，民生投资）
上海医药有关负责人表示，上药北方将通过渠道下沉加快对基层市场的渗透，在基本药物配送方面扩大市场份额，并进一步探索新的业务模式。	（上海医药，“拥有”，上药北方）
新五丰全资子公司优鲜食品有限公司于近日率先在湖南地区推出“U鲜”品牌高端冷鲜肉。	（新五丰，“拥有”，优鲜食品有限公司）
纽曼表示，新桥投资<N>年取得深发展控股地位后，	（新桥投资，“拥有”，深发展）
君乐宝在奶源、市场方面与蒙牛协同，在财务会计政策标准方面与蒙牛统一。	（君乐宝，“合作”，蒙牛），（蒙牛，“合作”，君乐宝）
有媒体报道称*ST皇台与通达韦思签署战略合作协议，	（皇台，“合作”，通达韦思），（通达韦思，“合作”，皇台）
和讯网消息据媒体报道，苏格兰皇家银行集团最早将于下周向美国和英国当局支付逾<N>亿英镑，以了结有关其操纵伦敦银行同业拆息这一基准利率的指控。	（苏格兰皇家银行集团，“拥有”，伦敦银行）
<N>月<N>日晚，康师傅和百事可乐共同宣布称，康师傅饮品控股将成为百事公司的在华特许经营瓶装商，将负责生产、销售和分销百事的碳酸饮料和佳得乐品牌产品。	（康师傅，“合作”，百事可乐），（百事可乐，“合作”，康师傅）
这是继去年<N>月宣布收购母公司华润集团旗下混凝土业务中港混凝土后，华润励致再次出手接盘华润集团其他非上市资产。	（华润集团，“拥有”，华润励致）
<N>月<N>日，创盛怡富投资集团旗下怡富金贵金属投资有限公司在浙江嘉善店正式开业。	（创盛怡富投资集团，“拥有”，怡富金贵金属投资有限公司）
<N>年，阿里巴巴就联合万科、顺丰等知名企业发起了“中国企业反舞弊联盟”，并牵头成立国内首个“电商行业诚信共同体”，通过创新和合作共筑反舞弊防线。	（阿里巴巴，“合作”，万科），（万科，“合作”，阿里巴巴）
三年内，国内外绿地自主品牌酒店预计将达<N>家:绿地集团将建及在建的韩国济州岛、苏州绿地中心、西安绿地中央广场等城市综合体的酒店项目计划引入“铂瑞”品牌;	（绿地集团，“合作”，苏州绿地中心），（苏州绿地中心，“合作”，绿地集团）
究竟是“英雄救美”还是“抱得美人归”?加多宝“联姻”中粮前途未卜	（加多宝，“合作”，中粮），（中粮，“合作”，加多宝）
如此看来，已经极度缺乏还款能力的深国商，一旦融发公司无法偿还上述欠款，深国商因承担连带责任，	（深国商，“拥有”，融发公司）
吴捷，现任深圳嘉捷科技发展有限公司董事长，下属拥有香港嘉捷、江苏金湖嘉捷、广西南宁嘉捷的全资企业。	（深圳嘉捷科技发展有限公司，“拥有”，江苏金湖嘉捷）
此项目由三圣重庆有限公司与张家港中悦设备科技有限公司合作。	（三圣重庆有限公司，“合作”，张家港中悦设备科技有限公司），（张家港中悦设备科技有限公司，“合作”，三圣重庆有限公司）
近半年时间过后，MOTO在联想手中会发生什么样的化学变化?在今年通信行业的<N>G征战之中，MOTO能为联想的<N>G带来什么?	（联想，“拥有”，MOTO）
目前，银基集团拥有在内地独家经销<N>度及<N>度五粮液、内地非独家经销<N>度五粮液、葡萄酒及洋酒系列以及香烟。	（银基集团，“合作”，五粮液），（五粮液，“合作”，银基集团）
尽管国际金融危机给一些国内企业的发展带来了困难，但小天鹅在美的入主后，	（美的，“拥有”，小天鹅）
其中，传统酸奶强企君乐宝乳业旗下的开啡尔表现尤其亮眼。	（君乐宝乳业，“拥有”，开啡尔）
事实上，四川长虹与IBM已经有多年的合作基础，合作涉及研发、市场等多个环节，并且处于不断深化过程中。	（四川长虹，“合作”，IBM），（IBM，“合作”，四川长虹）
“为打造央企医药平台，整合内部医药资源，中国华润总公司正在对华润医药集团和北药集团医药类资产进行重组”。	（中国华润总公司，“拥有”，华润医药集团）
通过与丝芙兰的合作，佰草集得以进入法国市场，不仅进驻了巴黎香榭丽舍大道，还在丝芙兰遍布全法国的近百家门店销售。	（佰草集，“合作”，丝芙兰），（丝芙兰，“合作”，佰草集）
除了光明乳业之外，据《华夏时报》记者了解，新莱特乳业还与其他多家乳企合作，	（光明乳业，“合作”，新莱特乳业），（新莱特乳业，“合作”，光明乳业）
昨日，早报记者从上海汽车获悉，其乘用车公司的临港工厂即将于本月<N>日正式启用，届时，上海汽车乘用车公司自主品牌荣威<N>将在这里驶下生产线。	（上海汽车，“拥有”，荣威）
美国捷尔杰有限公司是美国纽约上市公司—豪士科集团的子公司，全球最大的高空作业平台制造商。	（豪士科集团，“拥有”，美国捷尔杰有限公司）
另外，一向被认为有QFII背景的招商证券北京建国路和申银万国上海新昌路合计买入<N>.<N>亿元。	（招商证券，“合作”，申银万国），（申银万国，“合作”，招商证券）
天威视讯今日公告，经征询公司控股股东和实际控制人深圳广播电影电视集团，其书面答复未与广东有线网络公司就整合、借壳天威视讯事项有过接洽，	（深圳广播电影电视集团，“拥有”，天威视讯）
但上述ST松辽高管对此说法并不认同，他表示，ST松辽将汽车生产目录转入中顺汽车，是为了尽快开始生产运营。	（松辽，“合作”，中顺汽车），（中顺汽车，“合作”，松辽）
再过<N>天，深国商将召开股东大会审议为下属子公司深圳融发公司一笔高达<N>.<N>亿元的未支付款项进行担保的议案。	（深国商，“拥有”，深圳融发公司）
在<N>年以前，小天鹅的母公司——小天鹅集团主要生产经营洗衣机、商用电器产品。	（小天鹅集团，“拥有”，小天鹅）
建峰集团本次参与建峰化工的非公开发行，是深入贯彻落实市委精神的重大举措。	（建峰集团，“合作”，建峰化工），（建峰化工，“合作”，建峰集团）
而作为现任大股东对于这份公告又是一个什么态度呢?《每日经济新闻》记者拨打了普明物流此次的代表西安润基投资控股有限公司董事长郭根明的电话，	（西安润基投资控股有限公司，“拥有”，普明物流）
对于亚航来说，与银联的合作将帮助其加强对支付环节的掌控。	（亚航，“合作”，银联），（银联，“合作”，亚航）
由于重组后国水投集团成为三峡总公司的子公司，所以三峡总公司也就通过国水投集团间接持有金风科技的<N>.<N>%股权。	（三峡总公司，“拥有”，国水投集团）
北新建材昨日公告称，公司及控股子公司泰山石膏投建的均为火电脱硫综合利用纸面石膏板生产线项目，项目建设期在<N>个月。	（北新建材，“拥有”，泰山石膏投）
控制人中国电力投资集团公司同意以清洁能源的风电资产优化存在关停风险的小火电资产，同意将其下属白音华公司持有的吉林泰合<N>%股权和吉林里程协合<N>%股权，	（白音华公司，“拥有”，吉林泰合）
<N>-200<N>年度和<N>年<N>-<N>月的备考合并财报显示，广晟有色将上述<N>家公司权益置入上市公司后，ST有色的财务安全和资金流状况并未得到彻底改善。	（广晟有色，“拥有”，有色）
苏宁之前一直在加大<N>C商品在卖场中的销售份额，财报显示，苏宁电器在主营业务收入中数码及IT产品、通讯产品销量增速超过<N>%，	（苏宁，“拥有”，苏宁电器）
中国网财经<N>月<N>日讯<N>月<N>日，利洋水产发布公告称，公司全资子公司广州金水动物保健品有限公司近日收到广州市畜牧兽医局下达的《行政处罚决定书》。	（利洋水产，“拥有”，广州金水动物保健品有限公司）
一位不愿具名的私募人士对记者表示，青海投资集团对ST金瑞的一系列动作，或许是为了该集团整体上市铺路。	（青海投资集团，“拥有”，金瑞）
对于外界有关东航的云南分公司将独立出东航的传言，刘绍勇说确有其事，从今年的<N>月份开始，东航的云南分公司已经作为独立法人在运作。	（东航，“拥有”，云南分公司），（东航，“拥有”，云南分公司）
随后，腾讯上线QQ证券理财服务平台，中山证券、华林证券和广州证券等公司纷纷接入。	（腾讯，“合作”，中山证券），（中山证券，“合作”，腾讯）
上述人士告诉记者，中核汇能与中海油的合作好像还是首次，不过集团层面此前就有合作。	（中核汇能，“合作”，中海油），（中海油，“合作”，中核汇能）
因淘宝网“双<N>”而走红的淘品牌茵曼日前宣布，已通过速卖通外贸平台正式进军海外市场。	（淘宝网，“合作”，茵曼），（茵曼，“合作”，淘宝网）
有业内人士告诉记者，在QIFF大宗交易中，经常显露申银万国上海新昌路营业部和中金公司上海淮海中路证券营业部的身影。	（中金公司，“拥有”，上海淮海中路证券）
此外，海航集团还有权指派一名执行委员兼任蓝鹰航空副总裁，并指派一名副财务总监。	（海航集团，“合作”，蓝鹰航空），（蓝鹰航空，“合作”，海航集团）
而中国空域产业集团官网中介绍称，香港乐远航空是集团下属子公司，承载物流货物运输，未来十年集团向香港乐远航空投放各种机型、各种吨位飞机<N>架。	（中国空域产业集团，“拥有”，香港乐远航空）
中粮方面向记者表示，长期以来中粮与中投公司保持着良好的合作伙伴关系，	（中粮，“合作”，中投公司），（中投公司，“合作”，中粮）
蒙牛携手FIFA世界杯迎来第一杯奶	（蒙牛，“合作”，FIFA），（FIFA，“合作”，蒙牛）
微信已成为腾讯在移动互联网时代的核心武器，是具有强生态级影响力的APP。	（腾讯，“拥有”，微信）
近期，上海梅林控股子公司上海梅林食品有限公司，已将其持有的北厂闲置房产及相应土地使用权出售，出让价格为<N>万元。	（上海梅林，“拥有”，上海梅林食品有限公司）
自<N>年起，上海电气与印度诚信集团及其下属子公司已先后签订了多个项目合同。	（上海电气，“合作”，印度诚信集团），（印度诚信集团，“合作”，上海电气）
事实上，去年年底，春秋航空曾率先在石家庄正定机场打造了石家庄机场“空铁快线”产品，覆盖了北京、邯郸等<N>个地区。	（春秋航空，“合作”，石家庄机场），（石家庄机场，“合作”，春秋航空）
股权转让完成后，东航大酒店有限公司将成为东方航空的全资子公司。	（东方航空，“拥有”，东航大酒店有限公司）
但是新华光第一大股东目前的主要资产都在上市公司，对新华光的支持比较有限，倒是第二大股东西光集团拥有西光太阳能、西光数码等五大主营和多家企业。	（西光集团，“拥有”，西光太阳能）
然后上市公司增发，舟基集团以其全资拥有的浙江舟山金海湾船业有限公司资产置入汇通集团，以资产换股份完成控股，汇通集团由此转型成为造船新贵。	（舟基集团，“拥有”，浙江舟山金海湾船业有限公司）
<N>天后，长力股份公告重组方案，计划向辽宁方大集团定向增发收购其持有的沈阳炼焦煤气<N>%的股权。	（辽宁方大集团，“拥有”，沈阳炼焦煤气）
北京现代的营销手段本应汲取众家之长，但伊兰特一炮走红后，其把主要精力都放在扩大生产和迅速卖车上，对经销商网络的精细化管理缺乏投入。	（北京现代，“拥有”，伊兰特）
这已经不是一个电子商务的数字了，我自己不会一天看<N>次亚马逊，阿里巴巴正在打造一种任何美国公司都没法做到的社交网络和电子商务模式”。	（亚马逊，“合作”，阿里巴巴），（阿里巴巴，“合作”，亚马逊）
对于公司前后的反复行为，昨日有券商分析师表示，绿大地对广南基地的态度反复，表现出公司在战略转型上的举棋不定。	（绿大地，“合作”，广南基地），（广南基地，“合作”，绿大地）
据证监会披露的信息，时任新华锦控股股东鲁锦集团副总裁的徐东波，	（鲁锦集团，“拥有”，新华锦）
根据中国神华与印度尼西亚国家电网公司签署的《购售电合同》有关条款规定:印度尼西亚国家电网公司在南苏煤电项目发电机组投产起<N>年内，	（中国神华，“合作”，印度尼西亚国家电网公司），（印度尼西亚国家电网公司，“合作”，中国神华）
中国移动发布公告称，还与浦发银行就战略合作展开协商。	（中国移动，“合作”，浦发银行），（浦发银行，“合作”，中国移动）
据悉，新成立的种业公司为光明米业有限公司全资子公司，力图在国内粮食产业链上的育种环节有所突破。	（光明米业有限公司，“拥有”，种业公司）
上述人士透露，协议的签订源自于今年两会上双方高层达成的共识，“这次是神华的高层亲自来华润集团香港总部拜访，落实在两会上达成的共识”。	（神华，“合作”，华润集团），（华润集团，“合作”，神华）
他指出，中信集团上月将中信嘉华银行更名为中信银行国际，打正旗号开拓境外业务。	（中信集团，“拥有”，中信嘉华银行）
闽东电力携手中广核股价将如核爆炸一样一飞冲天	（闽东电力，“合作”，中广核），（中广核，“合作”，闽东电力）
和讯消息<N>日，中国联通和苹果公司联合宣布，已经就在未来几年里合作在中国销售iPhone手机一事达成一致。	（中国联通，“合作”，苹果公司），（苹果公司，“合作”，中国联通）
汉盛资本有着丰富的养老的设计管理运营理念，跟我们已经签署了合同，他负责融资、基金包括整个养老的服务，我们准备打造高水平的养老的场所和社区，为中信会员服务	（汉盛资本，“合作”，中信），（中信，“合作”，汉盛资本）
本报记者了解到，如今茂化实华的控股权也有可能不保，北京泰跃所持股份已全部被司法冻结。	（北京泰跃，“拥有”，茂化实华）
建银投资持有宏源证券<N>.<N>%股份，中央汇金投资有限责任公司持有建银投资<N>%股权。	（建银投资，“拥有”，宏源证券）
三元股份为三元集团带去了不少生意，而三元集团也凭借其雄厚的实力为三元股份<N>笔借款共计<N>.<N>亿元提供担保。	（三元股份，“合作”，三元集团），（三元集团，“合作”，三元股份）
日中国铁建所属中国土木工程集团有限公司与大阿拉伯利比亚人民社会主义民众国铁路机构签署《大阿拉伯利比亚人民社会主义民众国的黎波里-加迪尔角铁路线实施合同，	（中国土木工程集团有限公司，“拥有”，中国铁建）
通过股份划转，广晟有色将由广晟公司的二级控股子公司变为一级控股子公司。	（广晟公司，“拥有”，广晟有色）
区别在于，彼时的沃尔玛风头正劲，想成为京东的控股股东。	（沃尔玛，“拥有”，京东）
此外，鞍钢还拟携手中行推出一款针对现金选择权的信托理财产品，希望通过此举解决自身面临的资金压力，同时也避免攀钢因公众持股不足而引发的退市危机。	（鞍钢，“合作”，中行），（中行，“合作”，鞍钢）
本次收购完成后，美克美家将成为美克股份的全资子公司。	（美克股份，“拥有”，美克美家）
而欧力公司系科力远全资子公司，合资公司实际将由科力远控股。	（科力远，“拥有”，欧力公司）
去年<N>月<N>日，爱建股份公告称公司将引入首钢总公司在香港的全资附属机构首钢控股有限公司作为战略投资者;	（爱建股份，“合作”，首钢总公司），（首钢总公司，“合作”，爱建股份）
至此，新希望乳业正式实现对安徽白帝乳业有限公司的全额控股。	（新希望乳业，“拥有”，安徽白帝乳业有限公司）
